timestamp_iso8601,seconds_since_start,score,state,mean_brightness,mean_redness,sample_count,roi_min_x,roi_min_y,roi_max_x,roi_max_y
2026-04-22T00:01:42.026Z,11.089,0.00924,not_ready,0.28954,0.44046,3961,243,432,837,1488
2026-04-22T00:01:42.039Z,11.102,0.15519,not_ready,0.29392,0.90848,3859,243,432,837,1488
2026-04-22T00:01:42.073Z,11.136,0.15253,not_ready,0.29376,0.90350,3882,243,432,837,1488
2026-04-22T00:01:42.107Z,11.170,0.13355,not_ready,0.39549,0.93118,7788,243,432,837,1488
2026-04-22T00:01:42.140Z,11.204,0.14346,not_ready,0.36157,0.92643,7788,243,432,837,1488
2026-04-22T00:01:42.172Z,11.235,0.11542,not_ready,0.35977,0.86270,7788,243,432,837,1488
2026-04-22T00:01:42.205Z,11.269,0.11372,not_ready,0.35889,0.85842,7788,243,432,837,1488
2026-04-22T00:01:42.237Z,11.300,0.11343,not_ready,0.35982,0.85834,7788,243,432,837,1488
2026-04-22T00:01:42.271Z,11.334,0.11351,not_ready,0.36254,0.86061,7788,243,432,837,1488
2026-04-22T00:01:42.304Z,11.367,0.11245,not_ready,0.36514,0.86026,7788,243,432,837,1488
2026-04-22T00:01:42.336Z,11.399,0.11243,not_ready,0.36718,0.86161,7788,243,432,837,1488
2026-04-22T00:01:42.371Z,11.434,0.10990,not_ready,0.36933,0.85867,7788,243,432,837,1488
2026-04-22T00:01:42.411Z,11.474,0.10836,not_ready,0.37353,0.85812,7788,243,432,837,1488
2026-04-22T00:01:42.449Z,11.513,0.10780,not_ready,0.37322,0.85793,7788,243,432,837,1488
2026-04-22T00:01:42.480Z,11.543,0.10845,not_ready,0.37278,0.85953,7788,243,432,837,1488
2026-04-22T00:01:42.514Z,11.577,0.10734,not_ready,0.37570,0.85829,7788,243,432,837,1488
2026-04-22T00:01:42.549Z,11.612,0.10684,not_ready,0.37708,0.85966,7788,243,432,837,1488
2026-04-22T00:01:42.585Z,11.648,0.10760,not_ready,0.37711,0.85962,7788,243,432,837,1488
2026-04-22T00:01:42.618Z,11.681,0.10782,not_ready,0.37651,0.86108,7788,243,432,837,1488
2026-04-22T00:01:42.651Z,11.714,0.10742,not_ready,0.37797,0.86017,7788,243,432,837,1488
2026-04-22T00:01:42.681Z,11.744,0.10735,not_ready,0.37694,0.86127,7788,243,432,837,1488
2026-04-22T00:01:42.717Z,11.780,0.10727,not_ready,0.37671,0.85906,7788,243,432,837,1488
2026-04-22T00:01:42.748Z,11.812,0.10720,not_ready,0.37701,0.86031,7788,243,432,837,1488
2026-04-22T00:01:42.781Z,11.844,0.10718,not_ready,0.38045,0.86140,7788,243,432,837,1488
2026-04-22T00:01:42.816Z,11.880,0.10890,not_ready,0.38258,0.86584,7788,243,432,837,1488
2026-04-22T00:01:42.848Z,11.911,0.10808,not_ready,0.38367,0.86628,7788,243,432,837,1488
2026-04-22T00:01:42.880Z,11.943,0.10760,not_ready,0.38653,0.86612,7788,243,432,837,1488
2026-04-22T00:01:42.910Z,11.973,0.10721,not_ready,0.38948,0.86704,7788,243,432,837,1488
2026-04-22T00:01:42.949Z,12.012,0.10521,not_ready,0.39418,0.86679,7788,243,432,837,1488
2026-04-22T00:01:42.984Z,12.047,0.10430,not_ready,0.39786,0.86736,7788,243,432,837,1488
2026-04-22T00:01:43.016Z,12.080,0.10386,not_ready,0.39724,0.86863,7788,243,432,837,1488
2026-04-22T00:01:43.048Z,12.111,0.10306,not_ready,0.39914,0.86778,7788,243,432,837,1488
2026-04-22T00:01:43.083Z,12.146,0.10250,not_ready,0.40122,0.86776,7788,243,432,837,1488
2026-04-22T00:01:43.114Z,12.178,0.10280,not_ready,0.40248,0.86830,7788,243,432,837,1488
2026-04-22T00:01:43.151Z,12.214,0.10102,not_ready,0.40608,0.86675,7788,243,432,837,1488
2026-04-22T00:01:43.185Z,12.248,0.09789,not_ready,0.40851,0.86240,7788,243,432,837,1488
2026-04-22T00:01:43.217Z,12.281,0.09740,not_ready,0.41249,0.86390,7788,243,432,837,1488
2026-04-22T00:01:43.253Z,12.316,0.09686,not_ready,0.41405,0.86447,7788,243,432,837,1488
2026-04-22T00:01:43.283Z,12.347,0.09915,not_ready,0.41638,0.87028,7788,243,432,837,1488
2026-04-22T00:01:43.320Z,12.383,0.09660,not_ready,0.41570,0.86451,7788,243,432,837,1488
2026-04-22T00:01:43.349Z,12.412,0.09626,not_ready,0.41465,0.86386,7788,243,432,837,1488
2026-04-22T00:01:43.382Z,12.445,0.09725,not_ready,0.41669,0.86643,7788,243,432,837,1488
2026-04-22T00:01:43.418Z,12.481,0.09625,not_ready,0.41639,0.86428,7788,243,432,837,1488
2026-04-22T00:01:43.452Z,12.515,0.09708,not_ready,0.41640,0.86569,7788,243,432,837,1488
2026-04-22T00:01:43.485Z,12.548,0.09693,not_ready,0.41474,0.86439,7788,243,432,837,1488
2026-04-22T00:01:43.518Z,12.581,0.09860,not_ready,0.41306,0.86580,7788,243,432,837,1488
2026-04-22T00:01:43.554Z,12.618,0.09843,not_ready,0.41211,0.86476,7788,243,432,837,1488
2026-04-22T00:01:43.584Z,12.647,0.09896,not_ready,0.40902,0.86441,7788,243,432,837,1488
2026-04-22T00:01:43.617Z,12.681,0.09854,not_ready,0.40943,0.86294,7788,243,432,837,1488
2026-04-22T00:01:43.651Z,12.714,0.09932,not_ready,0.40374,0.86091,7788,243,432,837,1488
2026-04-22T00:01:43.683Z,12.746,0.10226,not_ready,0.39318,0.85879,7788,243,432,837,1488
2026-04-22T00:01:43.718Z,12.781,0.10491,not_ready,0.38686,0.85947,7788,243,432,837,1488
2026-04-22T00:01:43.751Z,12.814,0.10700,not_ready,0.38573,0.86257,7788,243,432,837,1488
2026-04-22T00:01:43.784Z,12.847,0.10916,not_ready,0.38171,0.86390,7788,243,432,837,1488
2026-04-22T00:01:43.818Z,12.881,0.11208,not_ready,0.37400,0.86411,7788,243,432,837,1488
2026-04-22T00:01:43.851Z,12.914,0.11417,not_ready,0.36352,0.86097,7788,243,432,837,1488
2026-04-22T00:01:43.885Z,12.948,0.11892,not_ready,0.34640,0.85926,7788,243,432,837,1488
2026-04-22T00:01:43.921Z,12.984,0.12423,not_ready,0.32281,0.85446,7788,243,432,837,1488
2026-04-22T00:01:43.951Z,13.014,0.13035,not_ready,0.30182,0.85162,7788,243,432,837,1488
2026-04-22T00:01:43.983Z,13.046,0.13447,not_ready,0.28547,0.84888,7788,243,432,837,1488
2026-04-22T00:01:44.015Z,13.078,0.13904,not_ready,0.27056,0.84902,7788,243,432,837,1488
2026-04-22T00:01:44.047Z,13.110,0.14315,not_ready,0.25853,0.84801,7788,243,432,837,1488
2026-04-22T00:01:44.081Z,13.144,0.14782,not_ready,0.24804,0.84963,7788,243,432,837,1488
2026-04-22T00:01:44.116Z,13.179,0.15390,not_ready,0.23595,0.85348,7788,243,432,837,1488
2026-04-22T00:01:44.150Z,13.213,0.15951,not_ready,0.21989,0.85253,7788,243,432,837,1488
2026-04-22T00:01:44.184Z,13.247,0.15956,not_ready,0.20979,0.84472,7788,243,432,837,1488
2026-04-22T00:01:44.218Z,13.282,0.16887,not_ready,0.20632,0.86135,7788,243,432,837,1488
2026-04-22T00:01:44.249Z,13.313,0.17493,not_ready,0.20540,0.87232,7788,243,432,837,1488
2026-04-22T00:01:44.284Z,13.347,0.17822,not_ready,0.21002,0.88216,7788,243,432,837,1488
2026-04-22T00:01:44.320Z,13.383,0.18117,not_ready,0.21719,0.89345,7788,243,432,837,1488
2026-04-22T00:01:44.349Z,13.412,0.17687,not_ready,0.22761,0.89417,7788,243,432,837,1488
2026-04-22T00:01:44.383Z,13.446,0.18188,not_ready,0.23385,0.90838,7788,243,432,837,1488
2026-04-22T00:01:44.418Z,13.481,0.18880,not_ready,0.23604,0.92277,7788,243,432,837,1488
2026-04-22T00:01:44.450Z,13.513,0.19814,not_ready,0.23840,0.94167,7788,243,432,837,1488
2026-04-22T00:01:44.484Z,13.547,0.20575,not_ready,0.23949,0.95639,7788,243,432,837,1488
2026-04-22T00:01:44.519Z,13.582,0.21669,not_ready,0.24025,0.97691,7788,243,432,837,1488
2026-04-22T00:01:44.551Z,13.614,0.21709,not_ready,0.24332,0.98014,7788,243,432,837,1488
2026-04-22T00:01:44.585Z,13.648,0.21890,not_ready,0.24633,0.98591,7788,243,432,837,1488
2026-04-22T00:01:44.616Z,13.680,0.21907,not_ready,0.25192,0.99079,7788,243,432,837,1488
2026-04-22T00:01:44.650Z,13.713,0.21586,not_ready,0.25678,0.98893,7788,243,432,837,1488
2026-04-22T00:01:44.684Z,13.747,0.21927,not_ready,0.26133,0.99885,7788,243,432,837,1488
2026-04-22T00:01:44.719Z,13.782,0.21448,not_ready,0.26736,0.99507,7788,243,432,837,1488
2026-04-22T00:01:44.750Z,13.814,0.21435,not_ready,0.27197,0.99862,7788,243,432,837,1488
2026-04-22T00:01:44.784Z,13.847,0.21539,not_ready,0.27552,1.00341,7788,243,432,837,1488
2026-04-22T00:01:44.817Z,13.881,0.21651,not_ready,0.28051,1.00952,7788,243,432,837,1488
2026-04-22T00:01:44.851Z,13.914,0.21470,not_ready,0.28715,1.01167,7788,243,432,837,1488
2026-04-22T00:01:44.884Z,13.947,0.20993,not_ready,0.29545,1.00979,7788,243,432,837,1488
2026-04-22T00:01:44.918Z,13.981,0.20681,not_ready,0.30286,1.01018,7788,243,432,837,1488
2026-04-22T00:01:44.951Z,14.014,0.20446,not_ready,0.30580,1.00831,7788,243,432,837,1488
2026-04-22T00:01:44.986Z,14.049,0.20307,not_ready,0.31110,1.01012,7788,243,432,837,1488
2026-04-22T00:01:45.019Z,14.082,0.20166,not_ready,0.31599,1.01155,7788,243,432,837,1488
2026-04-22T00:01:45.049Z,14.112,0.20196,not_ready,0.31722,1.01311,7788,243,432,837,1488
2026-04-22T00:01:45.082Z,14.145,0.20058,not_ready,0.31902,1.01207,7788,243,432,837,1488
2026-04-22T00:01:45.119Z,14.182,0.20061,not_ready,0.32058,1.01340,7788,243,432,837,1488
2026-04-22T00:01:45.152Z,14.215,0.20170,not_ready,0.32066,1.01545,7788,243,432,837,1488
2026-04-22T00:01:45.185Z,14.248,0.20258,not_ready,0.32143,1.01767,7788,243,432,837,1488
2026-04-22T00:01:45.219Z,14.282,0.19964,not_ready,0.32522,1.01544,7788,243,432,837,1488
2026-04-22T00:01:45.250Z,14.314,0.19849,not_ready,0.32799,1.01560,7788,243,432,837,1488
2026-04-22T00:01:45.286Z,14.349,0.19995,not_ready,0.32879,1.01891,7788,243,432,837,1488
2026-04-22T00:01:45.319Z,14.382,0.20179,not_ready,0.32865,1.02214,7788,243,432,837,1488
2026-04-22T00:01:45.352Z,14.415,0.20171,not_ready,0.33030,1.02336,7788,243,432,837,1488
2026-04-22T00:01:45.386Z,14.449,0.20203,not_ready,0.33068,1.02424,7788,243,432,837,1488
2026-04-22T00:01:45.419Z,14.483,0.20777,not_ready,0.32601,1.03085,7788,243,432,837,1488
2026-04-22T00:01:45.451Z,14.514,0.21224,not_ready,0.31955,1.03371,7787,243,432,837,1488
2026-04-22T00:01:45.485Z,14.548,0.21220,not_ready,0.31841,1.03273,7786,243,432,837,1488
2026-04-22T00:01:45.520Z,14.583,0.21078,not_ready,0.31986,1.03142,7785,243,432,837,1488
2026-04-22T00:01:45.553Z,14.616,0.21196,not_ready,0.31961,1.03338,7786,243,432,837,1488
2026-04-22T00:01:45.586Z,14.649,0.21262,not_ready,0.31847,1.03352,7787,243,432,837,1488
2026-04-22T00:01:45.620Z,14.683,0.20287,not_ready,0.31702,1.01460,7782,243,432,837,1488
2026-04-22T00:01:45.653Z,14.716,0.20186,not_ready,0.31694,1.01269,7780,243,432,837,1488
2026-04-22T00:01:45.683Z,14.746,0.20184,not_ready,0.31378,1.01008,7778,243,432,837,1488
2026-04-22T00:01:45.720Z,14.783,0.20197,not_ready,0.31338,1.00998,7773,243,432,837,1488
2026-04-22T00:01:45.753Z,14.817,0.20167,not_ready,0.31286,1.00900,7777,243,432,837,1488
2026-04-22T00:01:45.787Z,14.850,0.20151,not_ready,0.31720,1.01228,7780,243,432,837,1488
2026-04-22T00:01:45.821Z,14.884,0.20038,not_ready,0.31627,1.00947,7776,243,432,837,1488
2026-04-22T00:01:45.854Z,14.917,0.20166,not_ready,0.31429,1.01016,7772,243,432,837,1488
2026-04-22T00:01:45.888Z,14.951,0.20265,not_ready,0.31381,1.01164,7772,243,432,837,1488
2026-04-22T00:01:45.918Z,14.981,0.20032,not_ready,0.31405,1.00754,7766,243,432,837,1488
2026-04-22T00:01:45.956Z,15.019,0.19967,not_ready,0.31448,1.00673,7768,243,432,837,1488
2026-04-22T00:01:45.989Z,15.052,0.19778,not_ready,0.31479,1.00352,7773,243,432,837,1488
2026-04-22T00:01:46.018Z,15.081,0.19779,not_ready,0.31457,1.00335,7768,243,432,837,1488
2026-04-22T00:01:46.051Z,15.115,0.19695,not_ready,0.31513,1.00229,7778,243,432,837,1488
2026-04-22T00:01:46.084Z,15.147,0.19655,not_ready,0.31703,1.00312,7777,243,432,837,1488
2026-04-22T00:01:46.119Z,15.182,0.19609,not_ready,0.31802,1.00308,7779,243,432,837,1488
2026-04-22T00:01:46.154Z,15.217,0.19429,not_ready,0.31849,1.00019,7784,243,432,837,1488
2026-04-22T00:01:46.186Z,15.250,0.19512,not_ready,0.31837,1.00160,7783,243,432,837,1488
2026-04-22T00:01:46.221Z,15.284,0.19511,not_ready,0.31788,1.00120,7784,243,432,837,1488
2026-04-22T00:01:46.253Z,15.316,0.19521,not_ready,0.31735,1.00094,7781,243,432,837,1488
2026-04-22T00:01:46.285Z,15.349,0.19521,not_ready,0.31682,1.00050,7779,243,432,837,1488
2026-04-22T00:01:46.321Z,15.384,0.19564,not_ready,0.31594,1.00056,7783,243,432,837,1488
2026-04-22T00:01:46.355Z,15.418,0.19557,not_ready,0.31456,0.99930,7779,243,432,837,1488
2026-04-22T00:01:46.388Z,15.451,0.19563,not_ready,0.31410,0.99904,7775,243,432,837,1488
2026-04-22T00:01:46.420Z,15.483,0.19378,not_ready,0.31369,0.99534,7775,243,432,837,1488
2026-04-22T00:01:46.454Z,15.517,0.19416,not_ready,0.31358,0.99593,7767,243,432,837,1488
2026-04-22T00:01:46.487Z,15.551,0.19447,not_ready,0.31319,0.99620,7768,243,432,837,1488
2026-04-22T00:01:46.520Z,15.583,0.19468,not_ready,0.31275,0.99621,7771,243,432,837,1488
2026-04-22T00:01:46.554Z,15.617,0.19468,not_ready,0.31335,0.99670,7768,243,432,837,1488
2026-04-22T00:01:46.588Z,15.651,0.19429,not_ready,0.31397,0.99650,7771,243,432,837,1488
2026-04-22T00:01:46.621Z,15.684,0.19368,not_ready,0.31482,0.99607,7773,243,432,837,1488
2026-04-22T00:01:46.654Z,15.717,0.19387,not_ready,0.31519,0.99674,7770,243,432,837,1488
2026-04-22T00:01:46.686Z,15.749,0.19353,not_ready,0.31471,0.99573,7772,243,432,837,1488
2026-04-22T00:01:46.720Z,15.783,0.19316,not_ready,0.31517,0.99551,7765,243,432,837,1488
2026-04-22T00:01:46.755Z,15.818,0.19243,not_ready,0.31492,0.99390,7772,243,432,837,1488
2026-04-22T00:01:46.788Z,15.851,0.19210,not_ready,0.31483,0.99322,7770,243,432,837,1488
2026-04-22T00:01:46.820Z,15.883,0.19240,not_ready,0.31490,0.99382,7771,243,432,837,1488
2026-04-22T00:01:46.854Z,15.917,0.19207,not_ready,0.31558,0.99377,7768,243,432,837,1488
2026-04-22T00:01:46.888Z,15.951,0.19266,not_ready,0.31568,0.99493,7775,243,432,837,1488
2026-04-22T00:01:46.922Z,15.985,0.19275,not_ready,0.31482,0.99440,7777,243,432,837,1488
2026-04-22T00:01:46.958Z,16.021,0.19312,not_ready,0.31404,0.99443,7777,243,432,837,1488
2026-04-22T00:01:46.990Z,16.054,0.19311,not_ready,0.31394,0.99434,7776,243,432,837,1488
2026-04-22T00:01:47.022Z,16.085,0.19300,not_ready,0.31429,0.99440,7778,243,432,837,1488
2026-04-22T00:01:47.052Z,16.115,0.19265,not_ready,0.31440,0.99387,7778,243,432,837,1488
2026-04-22T00:01:47.081Z,16.145,0.19257,not_ready,0.31436,0.99369,7778,243,432,837,1488
2026-04-22T00:01:47.121Z,16.184,0.19267,not_ready,0.31486,0.99428,7778,243,432,837,1488
2026-04-22T00:01:47.155Z,16.219,0.19150,not_ready,0.31500,0.99226,7779,243,432,837,1488
2026-04-22T00:01:47.191Z,16.254,0.19206,not_ready,0.31478,0.99309,7780,243,432,837,1488
2026-04-22T00:01:47.222Z,16.286,0.19208,not_ready,0.31438,0.99281,7783,243,432,837,1488
2026-04-22T00:01:47.256Z,16.319,0.19209,not_ready,0.31461,0.99302,7780,243,432,837,1488
2026-04-22T00:01:47.289Z,16.352,0.19162,not_ready,0.31442,0.99201,7784,243,432,837,1488
2026-04-22T00:01:47.322Z,16.385,0.19172,not_ready,0.31432,0.99212,7782,243,432,837,1488
2026-04-22T00:01:47.355Z,16.418,0.19222,not_ready,0.31438,0.99307,7780,243,432,837,1488
2026-04-22T00:01:47.388Z,16.451,0.19197,not_ready,0.31418,0.99245,7781,243,432,837,1488
2026-04-22T00:01:47.421Z,16.484,0.19230,not_ready,0.31416,0.99303,7780,243,432,837,1488
2026-04-22T00:01:47.457Z,16.520,0.19197,not_ready,0.31460,0.99281,7781,243,432,837,1488
2026-04-22T00:01:47.490Z,16.554,0.19165,not_ready,0.31475,0.99234,7780,243,432,837,1488
2026-04-22T00:01:47.522Z,16.585,0.19163,not_ready,0.31507,0.99257,7783,243,432,837,1488
2026-04-22T00:01:47.554Z,16.617,0.19133,not_ready,0.31502,0.99198,7785,243,432,837,1488
2026-04-22T00:01:47.592Z,16.655,0.19111,not_ready,0.31478,0.99138,7785,243,432,837,1488
2026-04-22T00:01:47.622Z,16.685,0.19064,not_ready,0.31492,0.99064,7785,243,432,837,1488
2026-04-22T00:01:47.657Z,16.720,0.19010,not_ready,0.31577,0.99036,7786,243,432,837,1488
2026-04-22T00:01:47.686Z,16.749,0.18922,not_ready,0.31720,0.98992,7786,243,432,837,1488
2026-04-22T00:01:47.723Z,16.787,0.18775,not_ready,0.31887,0.98860,7783,243,432,837,1488
2026-04-22T00:01:47.755Z,16.818,0.18699,not_ready,0.31961,0.98784,7786,243,432,837,1488
2026-04-22T00:01:47.791Z,16.855,0.18699,not_ready,0.31980,0.98799,7783,243,432,837,1488
2026-04-22T00:01:47.824Z,16.887,0.18671,not_ready,0.32008,0.98773,7785,243,432,837,1488
2026-04-22T00:01:47.858Z,16.921,0.18652,not_ready,0.32077,0.98792,7788,243,432,837,1488
2026-04-22T00:01:47.891Z,16.954,0.18582,not_ready,0.32119,0.98701,7788,243,432,837,1488
2026-04-22T00:01:47.923Z,16.986,0.18559,not_ready,0.32135,0.98672,7787,243,432,837,1488
2026-04-22T00:01:47.958Z,17.021,0.18513,not_ready,0.32158,0.98607,7787,243,432,837,1488
2026-04-22T00:01:47.992Z,17.055,0.18498,not_ready,0.32206,0.98619,7788,243,432,837,1488
2026-04-22T00:01:48.028Z,17.091,0.18415,not_ready,0.32220,0.98480,7788,243,432,837,1488
2026-04-22T00:01:48.053Z,17.116,0.18450,not_ready,0.32134,0.98472,7787,243,432,837,1488
2026-04-22T00:01:48.082Z,17.146,0.18479,not_ready,0.32099,0.98497,7787,243,432,837,1488
2026-04-22T00:01:48.116Z,17.179,0.18459,not_ready,0.32134,0.98490,7785,243,432,837,1488
2026-04-22T00:01:48.155Z,17.218,0.18501,not_ready,0.32100,0.98537,7788,243,432,837,1488
2026-04-22T00:01:48.186Z,17.250,0.18571,not_ready,0.32054,0.98629,7787,243,432,837,1488
2026-04-22T00:01:48.224Z,17.287,0.18529,not_ready,0.32046,0.98546,7788,243,432,837,1488
2026-04-22T00:01:48.258Z,17.321,0.18499,not_ready,0.32066,0.98507,7787,243,432,837,1488
2026-04-22T00:01:48.291Z,17.355,0.18436,not_ready,0.32093,0.98414,7787,243,432,837,1488
2026-04-22T00:01:48.325Z,17.388,0.18374,not_ready,0.32194,0.98384,7787,243,432,837,1488
2026-04-22T00:01:48.357Z,17.420,0.18325,not_ready,0.32278,0.98365,7787,243,432,837,1488
2026-04-22T00:01:48.390Z,17.453,0.18264,not_ready,0.32306,0.98276,7788,243,432,837,1488
2026-04-22T00:01:48.425Z,17.488,0.18251,not_ready,0.32334,0.98275,7788,243,432,837,1488
2026-04-22T00:01:48.458Z,17.522,0.18292,not_ready,0.32321,0.98338,7788,243,432,837,1488
2026-04-22T00:01:48.491Z,17.554,0.18249,not_ready,0.32328,0.98265,7786,243,432,837,1488
2026-04-22T00:01:48.523Z,17.587,0.18290,not_ready,0.32249,0.98276,7788,243,432,837,1488
2026-04-22T00:01:48.557Z,17.621,0.18337,not_ready,0.32135,0.98269,7788,243,432,837,1488
2026-04-22T00:01:48.595Z,17.658,0.18434,not_ready,0.32060,0.98383,7788,243,432,837,1488
2026-04-22T00:01:48.624Z,17.687,0.18471,not_ready,0.32006,0.98407,7788,243,432,837,1488
2026-04-22T00:01:48.657Z,17.720,0.18443,not_ready,0.31909,0.98275,7786,243,432,837,1488
2026-04-22T00:01:48.691Z,17.755,0.18463,not_ready,0.31882,0.98291,7786,243,432,837,1488
2026-04-22T00:01:48.725Z,17.789,0.18480,not_ready,0.31933,0.98368,7785,243,432,837,1488
2026-04-22T00:01:48.759Z,17.822,0.18441,not_ready,0.31971,0.98323,7787,243,432,837,1488
2026-04-22T00:01:48.790Z,17.853,0.18395,not_ready,0.31961,0.98233,7787,243,432,837,1488
2026-04-22T00:01:48.825Z,17.888,0.18426,not_ready,0.31961,0.98288,7788,243,432,837,1488
2026-04-22T00:01:48.858Z,17.921,0.18505,not_ready,0.31950,0.98423,7788,243,432,837,1488
2026-04-22T00:01:48.891Z,17.954,0.18508,not_ready,0.31921,0.98404,7785,243,432,837,1488
2026-04-22T00:01:48.925Z,17.988,0.18513,not_ready,0.31934,0.98424,7786,243,432,837,1488
2026-04-22T00:01:48.958Z,18.021,0.18465,not_ready,0.32012,0.98402,7788,243,432,837,1488
2026-04-22T00:01:48.991Z,18.054,0.18437,not_ready,0.32074,0.98398,7788,243,432,837,1488
2026-04-22T00:01:49.025Z,18.088,0.18496,not_ready,0.32010,0.98456,7784,243,432,837,1488
2026-04-22T00:01:49.055Z,18.118,0.18460,not_ready,0.31966,0.98353,7787,243,432,837,1488
2026-04-22T00:01:49.084Z,18.147,0.18427,not_ready,0.32014,0.98333,7787,243,432,837,1488
2026-04-22T00:01:49.121Z,18.184,0.18461,not_ready,0.31984,0.98371,7788,243,432,837,1488
2026-04-22T00:01:49.156Z,18.219,0.18428,not_ready,0.31982,0.98309,7788,243,432,837,1488
2026-04-22T00:01:49.190Z,18.253,0.18467,not_ready,0.31949,0.98353,7786,243,432,837,1488
2026-04-22T00:01:49.226Z,18.289,0.18491,not_ready,0.31788,0.98264,7786,243,432,837,1488
2026-04-22T00:01:49.259Z,18.322,0.18580,not_ready,0.31700,0.98354,7785,243,432,837,1488
2026-04-22T00:01:49.291Z,18.355,0.18574,not_ready,0.31645,0.98298,7783,243,432,837,1488
2026-04-22T00:01:49.326Z,18.389,0.18729,not_ready,0.31523,0.98480,7781,243,432,837,1488
2026-04-22T00:01:49.359Z,18.422,0.18841,not_ready,0.31234,0.98446,7780,243,432,837,1488
2026-04-22T00:01:49.392Z,18.455,0.18875,not_ready,0.31257,0.98528,7782,243,432,837,1488
2026-04-22T00:01:49.424Z,18.488,0.18764,not_ready,0.31437,0.98473,7785,243,432,837,1488
2026-04-22T00:01:49.462Z,18.525,0.18676,not_ready,0.31596,0.98444,7782,243,432,837,1488
2026-04-22T00:01:49.492Z,18.555,0.18698,not_ready,0.31695,0.98564,7785,243,432,837,1488
2026-04-22T00:01:49.525Z,18.588,0.18621,not_ready,0.31688,0.98419,7788,243,432,837,1488
2026-04-22T00:01:49.557Z,18.620,0.18555,not_ready,0.31806,0.98396,7788,243,432,837,1488
2026-04-22T00:01:49.590Z,18.654,0.18588,not_ready,0.31771,0.98427,7786,243,432,837,1488
2026-04-22T00:01:49.626Z,18.689,0.18602,not_ready,0.31753,0.98437,7788,243,432,837,1488
2026-04-22T00:01:49.658Z,18.721,0.18696,not_ready,0.31721,0.98582,7785,243,432,837,1488
2026-04-22T00:01:49.691Z,18.754,0.18598,not_ready,0.31750,0.98427,7788,243,432,837,1488
2026-04-22T00:01:49.726Z,18.789,0.18649,not_ready,0.31743,0.98515,7788,243,432,837,1488
2026-04-22T00:01:49.760Z,18.823,0.18619,not_ready,0.31810,0.98516,7784,243,432,837,1488
2026-04-22T00:01:49.793Z,18.856,0.18599,not_ready,0.31820,0.98486,7787,243,432,837,1488
2026-04-22T00:01:49.826Z,18.889,0.18469,not_ready,0.32030,0.98423,7787,243,432,837,1488
2026-04-22T00:01:49.858Z,18.921,0.18478,not_ready,0.31990,0.98407,7787,243,432,837,1488
2026-04-22T00:01:49.893Z,18.957,0.18736,not_ready,0.31542,0.98508,7786,243,432,837,1488
2026-04-22T00:01:49.927Z,18.990,0.18658,not_ready,0.31521,0.98350,7785,243,432,837,1488
2026-04-22T00:01:49.960Z,19.023,0.18692,not_ready,0.31471,0.98369,7782,243,432,837,1488
2026-04-22T00:01:49.994Z,19.057,0.18753,not_ready,0.31470,0.98480,7778,243,432,837,1488
2026-04-22T00:01:50.027Z,19.090,0.18747,not_ready,0.31484,0.98480,7780,243,432,837,1488
2026-04-22T00:01:50.056Z,19.119,0.18795,not_ready,0.31473,0.98560,7783,243,432,837,1488
2026-04-22T00:01:50.086Z,19.149,0.18791,not_ready,0.31478,0.98557,7785,243,432,837,1488
2026-04-22T00:01:50.126Z,19.190,0.18811,not_ready,0.31481,0.98595,7785,243,432,837,1488
2026-04-22T00:01:50.158Z,19.222,0.18805,not_ready,0.31488,0.98589,7787,243,432,837,1488
2026-04-22T00:01:50.192Z,19.255,0.18809,not_ready,0.31535,0.98636,7785,243,432,837,1488
2026-04-22T00:01:50.227Z,19.291,0.18807,not_ready,0.31573,0.98664,7783,243,432,837,1488
2026-04-22T00:01:50.260Z,19.323,0.18664,not_ready,0.31626,0.98447,7785,243,432,837,1488
2026-04-22T00:01:50.295Z,19.358,0.18653,not_ready,0.31629,0.98429,7787,243,432,837,1488
2026-04-22T00:01:50.327Z,19.390,0.18639,not_ready,0.31635,0.98407,7788,243,432,837,1488
2026-04-22T00:01:50.362Z,19.426,0.18641,not_ready,0.31692,0.98458,7783,243,432,837,1488
2026-04-22T00:01:50.394Z,19.457,0.18701,not_ready,0.31657,0.98540,7785,243,432,837,1488
2026-04-22T00:01:50.429Z,19.492,0.18694,not_ready,0.31617,0.98494,7784,243,432,837,1488
2026-04-22T00:01:50.465Z,19.528,0.18762,not_ready,0.31592,0.98596,7786,243,432,837,1488
2026-04-22T00:01:50.493Z,19.556,0.18829,not_ready,0.31527,0.98666,7785,243,432,837,1488
2026-04-22T00:01:50.527Z,19.590,0.18798,not_ready,0.31517,0.98602,7784,243,432,837,1488
2026-04-22T00:01:50.561Z,19.625,0.18796,not_ready,0.31544,0.98618,7786,243,432,837,1488
2026-04-22T00:01:50.592Z,19.655,0.18778,not_ready,0.31556,0.98597,7784,243,432,837,1488
2026-04-22T00:01:50.626Z,19.689,0.18781,not_ready,0.31570,0.98612,7785,243,432,837,1488
2026-04-22T00:01:50.659Z,19.722,0.18738,not_ready,0.31655,0.98606,7785,243,432,837,1488
2026-04-22T00:01:50.695Z,19.758,0.18681,not_ready,0.31768,0.98595,7787,243,432,837,1488
2026-04-22T00:01:50.730Z,19.793,0.18628,not_ready,0.31847,0.98562,7782,243,432,837,1488
2026-04-22T00:01:50.762Z,19.825,0.18664,not_ready,0.31811,0.98598,7787,243,432,837,1488
2026-04-22T00:01:50.794Z,19.857,0.18641,not_ready,0.31816,0.98560,7786,243,432,837,1488
2026-04-22T00:01:50.829Z,19.892,0.18560,not_ready,0.31917,0.98496,7784,243,432,837,1488
2026-04-22T00:01:50.862Z,19.925,0.18508,not_ready,0.31938,0.98418,7786,243,432,837,1488
2026-04-22T00:01:50.896Z,19.959,0.18558,not_ready,0.31870,0.98454,7785,243,432,837,1488
2026-04-22T00:01:50.929Z,19.992,0.18575,not_ready,0.31819,0.98443,7788,243,432,837,1488
2026-04-22T00:01:50.962Z,20.025,0.18589,not_ready,0.31802,0.98454,7788,243,432,837,1488
2026-04-22T00:01:50.995Z,20.058,0.18671,not_ready,0.31770,0.98578,7785,243,432,837,1488
2026-04-22T00:01:51.029Z,20.092,0.18708,not_ready,0.31754,0.98631,7785,243,432,837,1488
2026-04-22T00:01:51.061Z,20.124,0.18718,not_ready,0.31735,0.98633,7787,243,432,837,1488
2026-04-22T00:01:51.093Z,20.156,0.18685,not_ready,0.31787,0.98617,7787,243,432,837,1488
2026-04-22T00:01:51.128Z,20.191,0.18657,not_ready,0.31898,0.98657,7788,243,432,837,1488
2026-04-22T00:01:51.161Z,20.225,0.18595,not_ready,0.31959,0.98594,7787,243,432,837,1488
2026-04-22T00:01:51.194Z,20.257,0.18579,not_ready,0.31995,0.98595,7785,243,432,837,1488
2026-04-22T00:01:51.227Z,20.290,0.18491,not_ready,0.32050,0.98478,7787,243,432,837,1488
2026-04-22T00:01:51.262Z,20.325,0.18441,not_ready,0.32061,0.98397,7786,243,432,837,1488
2026-04-22T00:01:51.294Z,20.358,0.18458,not_ready,0.32119,0.98476,7787,243,432,837,1488
2026-04-22T00:01:51.329Z,20.393,0.18322,not_ready,0.32365,0.98430,7785,243,432,837,1488
2026-04-22T00:01:51.363Z,20.426,0.18180,not_ready,0.32507,0.98288,7785,243,432,837,1488
2026-04-22T00:01:51.395Z,20.458,0.18134,not_ready,0.32525,0.98219,7786,243,432,837,1488
2026-04-22T00:01:51.429Z,20.492,0.18139,not_ready,0.32765,0.98424,7787,243,432,837,1488
2026-04-22T00:01:51.462Z,20.526,0.17725,not_ready,0.33374,0.98169,7788,243,432,837,1488
2026-04-22T00:01:51.497Z,20.560,0.17415,not_ready,0.33857,0.98001,7788,243,432,837,1488
2026-04-22T00:01:51.530Z,20.593,0.17133,not_ready,0.34280,0.97834,7788,243,432,837,1488
2026-04-22T00:01:51.562Z,20.625,0.16769,not_ready,0.34798,0.97595,7788,243,432,837,1488
2026-04-22T00:01:51.595Z,20.658,0.16469,not_ready,0.35239,0.97411,7788,243,432,837,1488
2026-04-22T00:01:51.630Z,20.693,0.16189,not_ready,0.35535,0.97146,7788,243,432,837,1488
2026-04-22T00:01:51.666Z,20.729,0.15956,not_ready,0.35884,0.97007,7788,243,432,837,1488
2026-04-22T00:01:51.694Z,20.757,0.16679,not_ready,0.36155,0.98544,7788,243,432,837,1488
2026-04-22T00:01:51.728Z,20.791,0.16426,not_ready,0.36492,0.98358,7788,243,432,837,1488
2026-04-22T00:01:51.763Z,20.827,0.16429,not_ready,0.36342,0.98241,7788,243,432,837,1488
2026-04-22T00:01:51.798Z,20.861,0.16397,not_ready,0.36261,0.98117,7788,243,432,837,1488
2026-04-22T00:01:51.829Z,20.892,0.16285,not_ready,0.36360,0.97995,7788,243,432,837,1488
2026-04-22T00:01:51.863Z,20.926,0.16328,not_ready,0.36202,0.97941,7788,243,432,837,1488
2026-04-22T00:01:51.897Z,20.960,0.16218,not_ready,0.36162,0.97711,7788,243,432,837,1488
2026-04-22T00:01:51.930Z,20.993,0.16308,not_ready,0.36166,0.97877,7788,243,432,837,1488
2026-04-22T00:01:51.967Z,21.030,0.16195,not_ready,0.36284,0.97768,7788,243,432,837,1488
2026-04-22T00:01:51.997Z,21.060,0.16148,not_ready,0.36107,0.97538,7788,243,432,837,1488
2026-04-22T00:01:52.038Z,21.102,0.16149,not_ready,0.35978,0.97434,7788,243,432,837,1488
2026-04-22T00:01:52.062Z,21.125,0.16181,not_ready,0.35872,0.97407,7788,243,432,837,1488
2026-04-22T00:01:52.097Z,21.160,0.16457,not_ready,0.35351,0.97481,7788,243,432,837,1488
2026-04-22T00:01:52.131Z,21.195,0.16696,not_ready,0.34664,0.97354,7788,243,432,837,1488
2026-04-22T00:01:52.164Z,21.227,0.16697,not_ready,0.34808,0.97473,7788,243,432,837,1488
2026-04-22T00:01:52.197Z,21.260,0.16407,not_ready,0.35290,0.97340,7788,243,432,837,1488
2026-04-22T00:01:52.231Z,21.294,0.16025,not_ready,0.35231,0.96599,7788,243,432,837,1488
2026-04-22T00:01:52.263Z,21.326,0.16083,not_ready,0.35187,0.96668,7788,243,432,837,1488
2026-04-22T00:01:52.298Z,21.361,0.16066,not_ready,0.35361,0.96779,7788,243,432,837,1488
2026-04-22T00:01:52.330Z,21.393,0.15847,not_ready,0.35826,0.96760,7788,243,432,837,1488
2026-04-22T00:01:52.363Z,21.426,0.15835,not_ready,0.36251,0.97088,7788,243,432,837,1488
2026-04-22T00:01:52.397Z,21.460,0.15551,not_ready,0.36828,0.97043,7788,243,432,837,1488
2026-04-22T00:01:52.431Z,21.494,0.15307,not_ready,0.37524,0.97169,7788,243,432,837,1488
2026-04-22T00:01:52.465Z,21.528,0.14353,not_ready,0.39251,0.96846,7788,243,432,837,1488
2026-04-22T00:01:52.498Z,21.561,0.14332,not_ready,0.39468,0.96986,7788,243,432,837,1488
2026-04-22T00:01:52.531Z,21.594,0.14206,not_ready,0.39647,0.96904,7788,243,432,837,1488
2026-04-22T00:01:52.565Z,21.628,0.13925,not_ready,0.40138,0.96794,7788,243,432,837,1488
2026-04-22T00:01:52.599Z,21.662,0.13662,not_ready,0.40661,0.96736,7788,243,432,837,1488
2026-04-22T00:01:52.632Z,21.695,0.13087,not_ready,0.41668,0.96369,7788,243,432,837,1488
2026-04-22T00:01:52.662Z,21.725,0.11763,not_ready,0.44556,0.95811,7788,243,432,837,1488
2026-04-22T00:01:52.694Z,21.757,0.10676,not_ready,0.47441,0.95427,7788,243,432,837,1488
2026-04-22T00:01:52.728Z,21.791,0.09636,not_ready,0.49868,0.94388,7788,243,432,837,1488
2026-04-22T00:01:52.756Z,21.819,0.08637,not_ready,0.52156,0.92475,7788,243,432,837,1488
2026-04-22T00:01:52.785Z,21.848,0.08126,not_ready,0.52939,0.91488,7788,243,432,837,1488
2026-04-22T00:01:52.819Z,21.883,0.08694,not_ready,0.51450,0.91343,7788,243,432,837,1488
2026-04-22T00:01:52.853Z,21.916,0.09386,not_ready,0.49618,0.91368,7788,243,432,837,1488
2026-04-22T00:01:52.887Z,21.951,0.09325,not_ready,0.49433,0.91240,7788,243,432,837,1488
2026-04-22T00:01:52.919Z,21.982,0.09626,not_ready,0.48850,0.91401,7788,243,432,837,1488
2026-04-22T00:01:52.953Z,22.016,0.10038,not_ready,0.47709,0.91456,7788,243,432,837,1488
2026-04-22T00:01:52.989Z,22.052,0.10679,not_ready,0.46306,0.91713,7788,243,432,837,1488
2026-04-22T00:01:53.018Z,22.082,0.11214,not_ready,0.44758,0.91587,7788,243,432,837,1488
2026-04-22T00:01:53.055Z,22.118,0.11771,not_ready,0.43292,0.91629,7788,243,432,837,1488
2026-04-22T00:01:53.087Z,22.150,0.12182,not_ready,0.42162,0.91667,7788,243,432,837,1488
2026-04-22T00:01:53.120Z,22.183,0.12735,not_ready,0.41131,0.92112,7788,243,432,837,1488
2026-04-22T00:01:53.152Z,22.215,0.13636,not_ready,0.39431,0.92692,7788,243,432,837,1488
2026-04-22T00:01:53.185Z,22.248,0.14865,not_ready,0.38162,0.94191,7787,243,432,837,1488
2026-04-22T00:01:53.219Z,22.282,0.16166,not_ready,0.37034,0.95866,7788,243,432,837,1488
2026-04-22T00:01:53.253Z,22.316,0.16313,not_ready,0.35950,0.95408,7768,243,432,837,1488
2026-04-22T00:01:53.286Z,22.349,0.16086,not_ready,0.35400,0.94730,7764,243,432,837,1488
2026-04-22T00:01:53.320Z,22.383,0.15771,not_ready,0.35187,0.94091,7760,243,432,837,1488
2026-04-22T00:01:53.353Z,22.416,0.15687,not_ready,0.35452,0.94244,7771,243,432,837,1488
2026-04-22T00:01:53.386Z,22.450,0.15914,not_ready,0.35763,0.95055,7782,243,432,837,1488
2026-04-22T00:01:53.419Z,22.483,0.15954,not_ready,0.35693,0.95250,7783,243,432,837,1488
2026-04-22T00:01:53.452Z,22.515,0.16200,not_ready,0.35942,0.95944,7788,243,432,837,1488
2026-04-22T00:01:53.587Z,22.650,0.15507,not_ready,0.35983,0.95189,7788,243,432,837,1488
2026-04-22T00:01:53.620Z,22.684,0.15736,not_ready,0.36132,0.95838,7788,243,432,837,1488
2026-04-22T00:01:53.654Z,22.717,0.15895,not_ready,0.36130,0.96202,7788,243,432,837,1488
2026-04-22T00:01:53.689Z,22.752,0.16034,not_ready,0.36447,0.96736,7788,243,432,837,1488
2026-04-22T00:01:53.725Z,22.788,0.16182,not_ready,0.36948,0.97428,7788,243,432,837,1488
2026-04-22T00:01:53.765Z,22.828,0.16594,not_ready,0.36879,0.98203,7788,243,432,837,1488
2026-04-22T00:01:53.805Z,22.868,0.17197,not_ready,0.37418,0.99799,7788,243,432,837,1488
2026-04-22T00:01:53.833Z,22.896,0.17524,not_ready,0.38144,1.00948,7787,243,432,837,1488
2026-04-22T00:01:53.866Z,22.929,0.16501,not_ready,0.38074,0.99047,7788,243,432,837,1488
2026-04-22T00:01:53.898Z,22.961,0.15857,not_ready,0.37951,0.97834,7788,243,432,837,1488
2026-04-22T00:01:53.935Z,22.998,0.15551,not_ready,0.37966,0.97292,7788,243,432,837,1488
2026-04-22T00:01:53.969Z,23.032,0.15070,not_ready,0.37966,0.96392,7788,243,432,837,1488
2026-04-22T00:01:54.002Z,23.065,0.14971,not_ready,0.37392,0.95614,7788,243,432,837,1488
2026-04-22T00:01:54.034Z,23.097,0.14992,not_ready,0.37293,0.95565,7788,243,432,837,1488
2026-04-22T00:01:54.068Z,23.131,0.15009,not_ready,0.37138,0.95439,7788,243,432,837,1488
2026-04-22T00:01:54.104Z,23.167,0.15318,not_ready,0.36549,0.95543,7788,243,432,837,1488
2026-04-22T00:01:54.134Z,23.197,0.15819,not_ready,0.35641,0.95715,7788,243,432,837,1488
2026-04-22T00:01:54.168Z,23.232,0.16418,not_ready,0.34999,0.96452,7787,243,432,837,1488
2026-04-22T00:01:54.202Z,23.265,0.16282,not_ready,0.35190,0.96367,7788,243,432,837,1488
2026-04-22T00:01:54.233Z,23.296,0.15992,not_ready,0.35693,0.96209,7788,243,432,837,1488
2026-04-22T00:01:54.268Z,23.331,0.15967,not_ready,0.35906,0.96287,7788,243,432,837,1488
2026-04-22T00:01:54.303Z,23.366,0.15911,not_ready,0.35688,0.95970,7788,243,432,837,1488
2026-04-22T00:01:54.335Z,23.398,0.16389,not_ready,0.34902,0.96044,7788,243,432,837,1488
2026-04-22T00:01:54.369Z,23.432,0.16724,not_ready,0.34247,0.96301,7787,243,432,837,1488
2026-04-22T00:01:54.401Z,23.464,0.16212,not_ready,0.34067,0.95307,7788,243,432,837,1488
2026-04-22T00:01:54.432Z,23.495,0.16242,not_ready,0.33748,0.95144,7788,243,432,837,1488
2026-04-22T00:01:54.469Z,23.532,0.16292,not_ready,0.33415,0.95203,7787,243,432,837,1488
2026-04-22T00:01:54.504Z,23.567,0.16384,not_ready,0.33633,0.95534,7788,243,432,837,1488
2026-04-22T00:01:54.534Z,23.597,0.15963,not_ready,0.34276,0.95116,7787,243,432,837,1488
2026-04-22T00:01:54.568Z,23.631,0.15658,not_ready,0.34943,0.94954,7788,243,432,837,1488
2026-04-22T00:01:54.602Z,23.665,0.15357,not_ready,0.35553,0.94914,7788,243,432,837,1488
2026-04-22T00:01:54.638Z,23.701,0.15071,not_ready,0.35997,0.94753,7788,243,432,837,1488
2026-04-22T00:01:54.670Z,23.733,0.15159,not_ready,0.36025,0.95158,7788,243,432,837,1488
2026-04-22T00:01:54.704Z,23.767,0.15082,not_ready,0.36091,0.95043,7788,243,432,837,1488
2026-04-22T00:01:54.737Z,23.800,0.15036,not_ready,0.36123,0.95006,7788,243,432,837,1488
2026-04-22T00:01:54.771Z,23.834,0.14988,not_ready,0.36295,0.94885,7788,243,432,837,1488
2026-04-22T00:01:54.802Z,23.865,0.15244,not_ready,0.36055,0.95116,7788,243,432,837,1488
2026-04-22T00:01:54.837Z,23.900,0.15887,not_ready,0.35041,0.95225,7788,243,432,837,1488
2026-04-22T00:01:54.870Z,23.933,0.16294,not_ready,0.33949,0.95374,7788,243,432,837,1488
2026-04-22T00:01:54.903Z,23.966,0.16505,not_ready,0.33485,0.95876,7788,243,432,837,1488
2026-04-22T00:01:54.935Z,23.999,0.16469,not_ready,0.33558,0.95838,7787,243,432,837,1488
2026-04-22T00:01:54.971Z,24.034,0.16340,not_ready,0.33901,0.95808,7788,243,432,837,1488
2026-04-22T00:01:55.003Z,24.066,0.16116,not_ready,0.34311,0.95520,7788,243,432,837,1488
2026-04-22T00:01:55.036Z,24.099,0.15804,not_ready,0.34895,0.95332,7788,243,432,837,1488
2026-04-22T00:01:55.069Z,24.132,0.15325,not_ready,0.35508,0.94876,7788,243,432,837,1488
2026-04-22T00:01:55.107Z,24.170,0.14869,not_ready,0.36012,0.94501,7788,243,432,837,1488
2026-04-22T00:01:55.134Z,24.197,0.14619,not_ready,0.36608,0.94638,7788,243,432,837,1488
2026-04-22T00:01:55.171Z,24.235,0.14472,not_ready,0.36721,0.94390,7788,243,432,837,1488
2026-04-22T00:01:55.203Z,24.266,0.14517,not_ready,0.36579,0.94353,7788,243,432,837,1488
2026-04-22T00:01:55.236Z,24.299,0.14521,not_ready,0.36532,0.94323,7788,243,432,837,1488
2026-04-22T00:01:55.271Z,24.334,0.14400,not_ready,0.36459,0.94131,7788,243,432,837,1488
2026-04-22T00:01:55.303Z,24.366,0.14356,not_ready,0.36930,0.94182,7788,243,432,837,1488
2026-04-22T00:01:55.339Z,24.402,0.14151,not_ready,0.37800,0.94515,7788,243,432,837,1488
2026-04-22T00:01:55.371Z,24.434,0.14231,not_ready,0.38057,0.94931,7788,243,432,837,1488
2026-04-22T00:01:55.405Z,24.468,0.14434,not_ready,0.37616,0.95037,7788,243,432,837,1488
2026-04-22T00:01:55.437Z,24.500,0.14501,not_ready,0.37099,0.94866,7788,243,432,837,1488
2026-04-22T00:01:55.472Z,24.535,0.14522,not_ready,0.37184,0.94879,7788,243,432,837,1488
2026-04-22T00:01:55.506Z,24.569,0.14272,not_ready,0.37445,0.94632,7788,243,432,837,1488
2026-04-22T00:01:55.538Z,24.601,0.14514,not_ready,0.37209,0.95051,7788,243,432,837,1488
2026-04-22T00:01:55.571Z,24.634,0.14722,not_ready,0.36862,0.95072,7788,243,432,837,1488
2026-04-22T00:01:55.603Z,24.667,0.14674,not_ready,0.36632,0.94682,7788,243,432,837,1488
2026-04-22T00:01:55.637Z,24.700,0.14857,not_ready,0.36204,0.94808,7788,243,432,837,1488
2026-04-22T00:01:55.670Z,24.733,0.15024,not_ready,0.35215,0.94110,7788,243,432,837,1488
2026-04-22T00:01:55.705Z,24.768,0.15352,not_ready,0.34312,0.94020,7787,243,432,837,1488
2026-04-22T00:01:55.737Z,24.800,0.15637,not_ready,0.34050,0.94618,7786,243,432,837,1488
2026-04-22T00:01:55.772Z,24.835,0.15682,not_ready,0.33788,0.94442,7787,243,432,837,1488
2026-04-22T00:01:55.803Z,24.866,0.15909,not_ready,0.33772,0.94897,7788,243,432,837,1488
2026-04-22T00:01:55.838Z,24.901,0.15997,not_ready,0.33651,0.95014,7788,243,432,837,1488
2026-04-22T00:01:55.873Z,24.936,0.16041,not_ready,0.33443,0.94738,7787,243,432,837,1488
2026-04-22T00:01:55.904Z,24.967,0.16115,not_ready,0.33335,0.94906,7788,243,432,837,1488
2026-04-22T00:01:55.938Z,25.001,0.16216,not_ready,0.33243,0.95133,7786,243,432,837,1488
2026-04-22T00:01:55.972Z,25.035,0.16448,not_ready,0.33020,0.95149,7787,243,432,837,1488
2026-04-22T00:01:56.005Z,25.068,0.16380,not_ready,0.32899,0.95043,7787,243,432,837,1488
2026-04-22T00:01:56.039Z,25.102,0.16577,not_ready,0.32896,0.95495,7788,243,432,837,1488
2026-04-22T00:01:56.074Z,25.137,0.16487,not_ready,0.32900,0.95363,7787,243,432,837,1488
2026-04-22T00:01:56.106Z,25.169,0.16459,not_ready,0.32884,0.95370,7788,243,432,837,1488
2026-04-22T00:01:56.138Z,25.202,0.16566,not_ready,0.32866,0.95568,7788,243,432,837,1488
2026-04-22T00:01:56.169Z,25.233,0.16673,not_ready,0.32896,0.95664,7788,243,432,837,1488
2026-04-22T00:01:56.198Z,25.261,0.16457,not_ready,0.32959,0.95231,7788,243,432,837,1488
2026-04-22T00:01:56.240Z,25.303,0.16642,not_ready,0.32849,0.95602,7788,243,432,837,1488
2026-04-22T00:01:56.270Z,25.333,0.16599,not_ready,0.32529,0.95150,7788,243,432,837,1488
2026-04-22T00:01:56.305Z,25.368,0.16780,not_ready,0.32194,0.95447,7788,243,432,837,1488
2026-04-22T00:01:56.338Z,25.402,0.16672,not_ready,0.31710,0.94715,7788,243,432,837,1488
2026-04-22T00:01:56.373Z,25.436,0.16856,not_ready,0.31223,0.94825,7787,243,432,837,1488
2026-04-22T00:01:56.405Z,25.469,0.17089,not_ready,0.30887,0.94930,7788,243,432,837,1488
2026-04-22T00:01:56.440Z,25.504,0.17091,not_ready,0.30606,0.94702,7787,243,432,837,1488
2026-04-22T00:01:56.474Z,25.537,0.17105,not_ready,0.30214,0.94330,7786,243,432,837,1488
2026-04-22T00:01:56.508Z,25.571,0.17093,not_ready,0.29999,0.94100,7787,243,432,837,1488
2026-04-22T00:01:56.539Z,25.602,0.17285,not_ready,0.29979,0.94487,7787,243,432,837,1488
2026-04-22T00:01:56.571Z,25.635,0.17336,not_ready,0.29931,0.94515,7788,243,432,837,1488
2026-04-22T00:01:56.605Z,25.669,0.17390,not_ready,0.29769,0.94319,7788,243,432,837,1488
2026-04-22T00:01:56.638Z,25.701,0.17497,not_ready,0.29512,0.94266,7788,243,432,837,1488
2026-04-22T00:01:56.670Z,25.733,0.17705,not_ready,0.29312,0.94597,7787,243,432,837,1488
2026-04-22T00:01:56.705Z,25.768,0.17530,not_ready,0.29452,0.94381,7786,243,432,837,1488
2026-04-22T00:01:56.741Z,25.804,0.17679,not_ready,0.29460,0.94664,7787,243,432,837,1488
2026-04-22T00:01:56.774Z,25.837,0.17766,not_ready,0.29323,0.94753,7788,243,432,837,1488
2026-04-22T00:01:56.806Z,25.869,0.17669,not_ready,0.29397,0.94661,7786,243,432,837,1488
2026-04-22T00:01:56.840Z,25.903,0.17434,not_ready,0.29641,0.94380,7787,243,432,837,1488
2026-04-22T00:01:56.873Z,25.936,0.17551,not_ready,0.29649,0.94615,7786,243,432,837,1488
2026-04-22T00:01:56.908Z,25.971,0.17503,not_ready,0.29518,0.94502,7787,243,432,837,1488
2026-04-22T00:01:56.940Z,26.003,0.17554,not_ready,0.29602,0.94661,7786,243,432,837,1488
2026-04-22T00:01:56.975Z,26.038,0.17568,not_ready,0.29780,0.94830,7786,243,432,837,1488
2026-04-22T00:01:57.007Z,26.070,0.17597,not_ready,0.29795,0.94931,7788,243,432,837,1488
2026-04-22T00:01:57.039Z,26.103,0.17573,not_ready,0.29872,0.94980,7787,243,432,837,1488
2026-04-22T00:01:57.073Z,26.136,0.17460,not_ready,0.30251,0.95072,7787,243,432,837,1488
2026-04-22T00:01:57.108Z,26.171,0.17243,not_ready,0.30591,0.94927,7787,243,432,837,1488
2026-04-22T00:01:57.142Z,26.205,0.17146,not_ready,0.30686,0.94850,7786,243,432,837,1488
2026-04-22T00:01:57.174Z,26.237,0.16980,not_ready,0.30852,0.94692,7788,243,432,837,1488
2026-04-22T00:01:57.208Z,26.271,0.17001,not_ready,0.30981,0.94848,7788,243,432,837,1488
2026-04-22T00:01:57.240Z,26.303,0.17037,not_ready,0.31029,0.94941,7787,243,432,837,1488
2026-04-22T00:01:57.274Z,26.337,0.17087,not_ready,0.30982,0.95001,7788,243,432,837,1488
2026-04-22T00:01:57.306Z,26.369,0.16974,not_ready,0.31072,0.94886,7788,243,432,837,1488
2026-04-22T00:01:57.342Z,26.405,0.16914,not_ready,0.31206,0.94893,7788,243,432,837,1488
2026-04-22T00:01:57.375Z,26.439,0.16866,not_ready,0.31371,0.94943,7788,243,432,837,1488
2026-04-22T00:01:57.409Z,26.472,0.16755,not_ready,0.31537,0.94879,7788,243,432,837,1488
2026-04-22T00:01:57.440Z,26.503,0.16605,not_ready,0.31699,0.94754,7788,243,432,837,1488
2026-04-22T00:01:57.475Z,26.538,0.16778,not_ready,0.31792,0.95154,7786,243,432,837,1488
2026-04-22T00:01:57.509Z,26.572,0.16729,not_ready,0.31801,0.95073,7788,243,432,837,1488
2026-04-22T00:01:57.540Z,26.603,0.16695,not_ready,0.31978,0.95155,7788,243,432,837,1488
2026-04-22T00:01:57.571Z,26.634,0.16769,not_ready,0.31939,0.95255,7787,243,432,837,1488
2026-04-22T00:01:57.606Z,26.669,0.16991,not_ready,0.31991,0.95704,7787,243,432,837,1488
2026-04-22T00:01:57.643Z,26.706,0.16754,not_ready,0.32172,0.95419,7788,243,432,837,1488
2026-04-22T00:01:57.674Z,26.737,0.16531,not_ready,0.32344,0.95155,7788,243,432,837,1488
2026-04-22T00:01:57.709Z,26.772,0.16345,not_ready,0.32478,0.94927,7788,243,432,837,1488
2026-04-22T00:01:57.743Z,26.806,0.16188,not_ready,0.32553,0.94703,7788,243,432,837,1488
2026-04-22T00:01:57.776Z,26.839,0.16479,not_ready,0.32520,0.95205,7787,243,432,837,1488
2026-04-22T00:01:57.808Z,26.871,0.16608,not_ready,0.32645,0.95541,7788,243,432,837,1488
2026-04-22T00:01:57.843Z,26.906,0.16529,not_ready,0.32611,0.95369,7788,243,432,837,1488
2026-04-22T00:01:57.877Z,26.940,0.16200,not_ready,0.32671,0.94820,7788,243,432,837,1488
2026-04-22T00:01:57.908Z,26.971,0.16221,not_ready,0.32820,0.94980,7788,243,432,837,1488
2026-04-22T00:01:57.942Z,27.005,0.15943,not_ready,0.33189,0.94778,7788,243,432,837,1488
2026-04-22T00:01:57.975Z,27.038,0.15972,not_ready,0.33303,0.94923,7787,243,432,837,1488
2026-04-22T00:01:58.010Z,27.073,0.16041,not_ready,0.33206,0.94969,7788,243,432,837,1488
2026-04-22T00:01:58.041Z,27.104,0.16068,not_ready,0.33227,0.95036,7787,243,432,837,1488
2026-04-22T00:01:58.076Z,27.139,0.15862,not_ready,0.33407,0.94809,7788,243,432,837,1488
2026-04-22T00:01:58.105Z,27.169,0.16092,not_ready,0.33394,0.95216,7783,243,432,837,1488
2026-04-22T00:01:58.139Z,27.202,0.16389,not_ready,0.33010,0.95442,7782,243,432,837,1488
2026-04-22T00:01:58.173Z,27.236,0.16747,not_ready,0.32902,0.96005,7786,243,432,837,1488
2026-04-22T00:01:58.207Z,27.271,0.16675,not_ready,0.33158,0.96084,7784,243,432,837,1488
2026-04-22T00:01:58.243Z,27.306,0.16583,not_ready,0.33317,0.96045,7782,243,432,837,1488
2026-04-22T00:01:58.277Z,27.340,0.16569,not_ready,0.33133,0.95869,7780,243,432,837,1488
2026-04-22T00:01:58.307Z,27.370,0.16773,not_ready,0.33014,0.96145,7783,243,432,837,1488
2026-04-22T00:01:58.344Z,27.407,0.16444,not_ready,0.33072,0.95591,7780,243,432,837,1488
2026-04-22T00:01:58.376Z,27.439,0.16449,not_ready,0.33148,0.95665,7781,243,432,837,1488
2026-04-22T00:01:58.411Z,27.474,0.16361,not_ready,0.33278,0.95608,7782,243,432,837,1488
2026-04-22T00:01:58.441Z,27.504,0.16391,not_ready,0.33796,0.96089,7786,243,432,837,1488
2026-04-22T00:01:58.477Z,27.540,0.16247,not_ready,0.33955,0.95956,7787,243,432,837,1488
2026-04-22T00:01:58.511Z,27.574,0.16321,not_ready,0.34060,0.96177,7787,243,432,837,1488
2026-04-22T00:01:58.543Z,27.607,0.16317,not_ready,0.34084,0.96189,7787,243,432,837,1488
2026-04-22T00:01:58.577Z,27.640,0.16303,not_ready,0.34009,0.96103,7786,243,432,837,1488
2026-04-22T00:01:58.611Z,27.674,0.16580,not_ready,0.34040,0.96634,7788,243,432,837,1488
2026-04-22T00:01:58.644Z,27.707,0.16483,not_ready,0.33975,0.96403,7786,243,432,837,1488
2026-04-22T00:01:58.677Z,27.740,0.16477,not_ready,0.33977,0.96393,7787,243,432,837,1488
2026-04-22T00:01:58.710Z,27.773,0.16506,not_ready,0.34081,0.96528,7788,243,432,837,1488
2026-04-22T00:01:58.744Z,27.807,0.16484,not_ready,0.34051,0.96462,7786,243,432,837,1488
2026-04-22T00:01:58.775Z,27.838,0.16588,not_ready,0.33913,0.96542,7786,243,432,837,1488
2026-04-22T00:01:58.810Z,27.873,0.16728,not_ready,0.33986,0.96856,7786,243,432,837,1488
2026-04-22T00:01:58.845Z,27.908,0.16838,not_ready,0.33868,0.96961,7786,243,432,837,1488
2026-04-22T00:01:58.877Z,27.940,0.16774,not_ready,0.33854,0.96833,7779,243,432,837,1488
2026-04-22T00:01:58.909Z,27.973,0.16555,not_ready,0.33888,0.96462,7786,243,432,837,1488
2026-04-22T00:01:58.943Z,28.006,0.16723,not_ready,0.34023,0.96879,7785,243,432,837,1488
2026-04-22T00:01:58.977Z,28.040,0.16642,not_ready,0.34053,0.96757,7786,243,432,837,1488
2026-04-22T00:01:59.010Z,28.073,0.16668,not_ready,0.34149,0.96883,7786,243,432,837,1488
2026-04-22T00:01:59.043Z,28.107,0.16627,not_ready,0.34300,0.96930,7786,243,432,837,1488
2026-04-22T00:01:59.077Z,28.140,0.16587,not_ready,0.34284,0.96844,7784,243,432,837,1488
2026-04-22T00:01:59.110Z,28.174,0.16484,not_ready,0.34305,0.96675,7787,243,432,837,1488
2026-04-22T00:01:59.143Z,28.206,0.16331,not_ready,0.34290,0.96383,7786,243,432,837,1488
2026-04-22T00:01:59.175Z,28.238,0.16500,not_ready,0.34291,0.96692,7787,243,432,837,1488
2026-04-22T00:01:59.209Z,28.272,0.16291,not_ready,0.34326,0.96340,7786,243,432,837,1488
2026-04-22T00:01:59.243Z,28.306,0.16305,not_ready,0.34475,0.96488,7784,243,432,837,1488
2026-04-22T00:01:59.276Z,28.339,0.16254,not_ready,0.34497,0.96412,7787,243,432,837,1488
2026-04-22T00:01:59.310Z,28.373,0.16403,not_ready,0.34483,0.96672,7786,243,432,837,1488
2026-04-22T00:01:59.345Z,28.408,0.16296,not_ready,0.34430,0.96436,7787,243,432,837,1488
2026-04-22T00:01:59.378Z,28.442,0.16117,not_ready,0.34392,0.96078,7784,243,432,837,1488
2026-04-22T00:01:59.409Z,28.472,0.16424,not_ready,0.34256,0.96526,7785,243,432,837,1488
2026-04-22T00:01:59.445Z,28.508,0.16591,not_ready,0.34110,0.96710,7787,243,432,837,1488
2026-04-22T00:01:59.478Z,28.541,0.16236,not_ready,0.34078,0.96038,7785,243,432,837,1488
2026-04-22T00:01:59.510Z,28.573,0.16521,not_ready,0.34182,0.96642,7784,243,432,837,1488
2026-04-22T00:01:59.544Z,28.608,0.16395,not_ready,0.34119,0.96360,7787,243,432,837,1488
2026-04-22T00:01:59.578Z,28.641,0.16835,not_ready,0.34082,0.97131,7783,243,432,837,1488
2026-04-22T00:01:59.610Z,28.674,0.16724,not_ready,0.34049,0.96901,7786,243,432,837,1488
2026-04-22T00:01:59.644Z,28.707,0.16909,not_ready,0.34142,0.97314,7785,243,432,837,1488
2026-04-22T00:01:59.678Z,28.741,0.16848,not_ready,0.34033,0.97114,7787,243,432,837,1488
2026-04-22T00:01:59.709Z,28.772,0.16772,not_ready,0.34044,0.96985,7785,243,432,837,1488
2026-04-22T00:01:59.744Z,28.807,0.16889,not_ready,0.33948,0.97119,7786,243,432,837,1488
2026-04-22T00:01:59.778Z,28.841,0.16798,not_ready,0.34040,0.97029,7784,243,432,837,1488
2026-04-22T00:01:59.810Z,28.873,0.16722,not_ready,0.33967,0.96830,7788,243,432,837,1488
2026-04-22T00:01:59.845Z,28.908,0.16709,not_ready,0.33870,0.96728,7788,243,432,837,1488
2026-04-22T00:01:59.879Z,28.942,0.16750,not_ready,0.33637,0.96613,7788,243,432,837,1488
2026-04-22T00:01:59.911Z,28.974,0.16730,not_ready,0.33651,0.96588,7783,243,432,837,1488
2026-04-22T00:01:59.945Z,29.008,0.16800,not_ready,0.33458,0.96557,7786,243,432,837,1488
2026-04-22T00:01:59.978Z,29.041,0.16975,not_ready,0.33449,0.96868,7788,243,432,837,1488
2026-04-22T00:02:00.012Z,29.075,0.16702,not_ready,0.33872,0.96717,7787,243,432,837,1488
2026-04-22T00:02:00.045Z,29.108,0.16638,not_ready,0.33972,0.96683,7785,243,432,837,1488
2026-04-22T00:02:00.078Z,29.141,0.16551,not_ready,0.34043,0.96582,7788,243,432,837,1488
2026-04-22T00:02:00.112Z,29.175,0.16471,not_ready,0.34079,0.96466,7788,243,432,837,1488
2026-04-22T00:02:00.155Z,29.218,0.16500,not_ready,0.34085,0.96523,7788,243,432,837,1488
2026-04-22T00:02:00.175Z,29.238,0.16489,not_ready,0.34011,0.96441,7786,243,432,837,1488
2026-04-22T00:02:00.204Z,29.267,0.16652,not_ready,0.34045,0.96768,7786,243,432,837,1488
2026-04-22T00:02:00.245Z,29.309,0.16666,not_ready,0.34090,0.96829,7787,243,432,837,1488
2026-04-22T00:02:00.277Z,29.340,0.16560,not_ready,0.34087,0.96635,7788,243,432,837,1488
2026-04-22T00:02:00.312Z,29.375,0.16549,not_ready,0.34048,0.96584,7787,243,432,837,1488
2026-04-22T00:02:00.345Z,29.408,0.16319,not_ready,0.34088,0.96198,7787,243,432,837,1488
2026-04-22T00:02:00.380Z,29.443,0.16426,not_ready,0.34062,0.96371,7788,243,432,837,1488
2026-04-22T00:02:00.413Z,29.476,0.16452,not_ready,0.34018,0.96382,7785,243,432,837,1488
2026-04-22T00:02:00.445Z,29.508,0.16572,not_ready,0.34180,0.96732,7787,243,432,837,1488
2026-04-22T00:02:00.478Z,29.541,0.16518,not_ready,0.34228,0.96674,7787,243,432,837,1488
2026-04-22T00:02:00.513Z,29.577,0.16302,not_ready,0.34307,0.96346,7785,243,432,837,1488
2026-04-22T00:02:00.546Z,29.609,0.16129,not_ready,0.34356,0.96070,7785,243,432,837,1488
2026-04-22T00:02:00.579Z,29.642,0.16233,not_ready,0.34558,0.96425,7788,243,432,837,1488
2026-04-22T00:02:00.613Z,29.676,0.16086,not_ready,0.34574,0.96171,7788,243,432,837,1488
2026-04-22T00:02:00.646Z,29.710,0.16036,not_ready,0.34801,0.96266,7787,243,432,837,1488
2026-04-22T00:02:00.679Z,29.742,0.16567,not_ready,0.34996,0.97391,7788,243,432,837,1488
2026-04-22T00:02:00.714Z,29.777,0.16419,not_ready,0.34953,0.97087,7788,243,432,837,1488
2026-04-22T00:02:00.746Z,29.810,0.16446,not_ready,0.34833,0.97039,7788,243,432,837,1488
2026-04-22T00:02:00.780Z,29.843,0.16405,not_ready,0.34925,0.97037,7788,243,432,837,1488
2026-04-22T00:02:00.813Z,29.876,0.16398,not_ready,0.34946,0.97043,7787,243,432,837,1488
2026-04-22T00:02:00.846Z,29.909,0.16379,not_ready,0.34998,0.97050,7788,243,432,837,1488
2026-04-22T00:02:00.881Z,29.944,0.16455,not_ready,0.34948,0.97148,7788,243,432,837,1488
2026-04-22T00:02:00.912Z,29.975,0.16352,not_ready,0.35030,0.97027,7787,243,432,837,1488
2026-04-22T00:02:00.946Z,30.009,0.16445,not_ready,0.34901,0.97091,7788,243,432,837,1488
2026-04-22T00:02:00.980Z,30.044,0.16427,not_ready,0.35031,0.97165,7788,243,432,837,1488
2026-04-22T00:02:01.014Z,30.077,0.16436,not_ready,0.35127,0.97261,7788,243,432,837,1488
2026-04-22T00:02:01.046Z,30.110,0.16629,not_ready,0.34760,0.97311,7788,243,432,837,1488
2026-04-22T00:02:01.078Z,30.142,0.16612,not_ready,0.34812,0.97322,7787,243,432,837,1488
2026-04-22T00:02:01.113Z,30.176,0.16699,not_ready,0.34983,0.97620,7788,243,432,837,1488
2026-04-22T00:02:01.146Z,30.209,0.16415,not_ready,0.35153,0.97243,7788,243,432,837,1488
2026-04-22T00:02:01.179Z,30.242,0.16363,not_ready,0.35194,0.97183,7788,243,432,837,1488
2026-04-22T00:02:01.213Z,30.276,0.16235,not_ready,0.35209,0.96962,7788,243,432,837,1488
2026-04-22T00:02:01.243Z,30.306,0.16236,not_ready,0.35479,0.97184,7788,243,432,837,1488
2026-04-22T00:02:01.280Z,30.343,0.15898,not_ready,0.35866,0.96887,7788,243,432,837,1488
2026-04-22T00:02:01.314Z,30.377,0.15922,not_ready,0.35965,0.97011,7788,243,432,837,1488
2026-04-22T00:02:01.348Z,30.411,0.15998,not_ready,0.35813,0.97025,7788,243,432,837,1488
2026-04-22T00:02:01.381Z,30.444,0.16049,not_ready,0.35812,0.97117,7788,243,432,837,1488
2026-04-22T00:02:01.415Z,30.478,0.15944,not_ready,0.35917,0.97011,7788,243,432,837,1488
2026-04-22T00:02:01.446Z,30.509,0.16004,not_ready,0.35922,0.97126,7788,243,432,837,1488
2026-04-22T00:02:01.481Z,30.544,0.15957,not_ready,0.35850,0.96981,7788,243,432,837,1488
2026-04-22T00:02:01.514Z,30.577,0.16322,not_ready,0.35911,0.97695,7788,243,432,837,1488
2026-04-22T00:02:01.547Z,30.611,0.16357,not_ready,0.36100,0.97912,7788,243,432,837,1488
2026-04-22T00:02:01.580Z,30.643,0.15521,not_ready,0.35941,0.96263,7788,243,432,837,1488
2026-04-22T00:02:01.616Z,30.679,0.15057,not_ready,0.35656,0.95186,7788,243,432,837,1488
2026-04-22T00:02:01.649Z,30.712,0.14297,not_ready,0.35887,0.93994,7788,243,432,837,1488
2026-04-22T00:02:01.683Z,30.746,0.13684,not_ready,0.36511,0.93390,7788,243,432,837,1488
2026-04-22T00:02:01.716Z,30.779,0.13287,not_ready,0.36916,0.92997,7788,243,432,837,1488
2026-04-22T00:02:01.750Z,30.813,0.13105,not_ready,0.37299,0.92949,7788,243,432,837,1488
2026-04-22T00:02:01.781Z,30.844,0.12863,not_ready,0.37701,0.92739,7788,243,432,837,1488
2026-04-22T00:02:01.815Z,30.878,0.12264,not_ready,0.37574,0.91415,7788,243,432,837,1488
2026-04-22T00:02:01.848Z,30.911,0.12287,not_ready,0.37613,0.91410,7788,243,432,837,1488
2026-04-22T00:02:01.881Z,30.944,0.12394,not_ready,0.37706,0.91695,7788,243,432,837,1488
2026-04-22T00:02:01.913Z,30.977,0.12320,not_ready,0.37653,0.91500,7788,243,432,837,1488
2026-04-22T00:02:01.949Z,31.012,0.12311,not_ready,0.37891,0.91684,7788,243,432,837,1488
2026-04-22T00:02:01.982Z,31.045,0.12792,not_ready,0.37183,0.92038,7788,243,432,837,1488
2026-04-22T00:02:02.014Z,31.077,0.13347,not_ready,0.35862,0.92105,7788,243,432,837,1488
2026-04-22T00:02:02.049Z,31.112,0.13925,not_ready,0.34980,0.92561,7788,243,432,837,1488
2026-04-22T00:02:02.082Z,31.145,0.14447,not_ready,0.33604,0.92398,7788,243,432,837,1488
2026-04-22T00:02:02.115Z,31.179,0.14660,not_ready,0.33050,0.92332,7788,243,432,837,1488
2026-04-22T00:02:02.148Z,31.211,0.14944,not_ready,0.32384,0.92302,7788,243,432,837,1488
2026-04-22T00:02:02.182Z,31.245,0.15353,not_ready,0.30987,0.91903,7786,243,432,837,1488
2026-04-22T00:02:02.216Z,31.279,0.16122,not_ready,0.29894,0.92408,7766,243,432,837,1488
2026-04-22T00:02:02.250Z,31.313,0.17150,not_ready,0.29192,0.93702,7775,243,432,837,1488
2026-04-22T00:02:02.285Z,31.348,0.18592,not_ready,0.27923,0.95285,7774,243,432,837,1488
2026-04-22T00:02:02.313Z,31.376,0.20568,not_ready,0.26919,0.98058,7712,243,432,837,1488
2026-04-22T00:02:02.349Z,31.413,0.22509,not_ready,0.26623,1.01383,7482,243,432,837,1488
2026-04-22T00:02:02.381Z,31.445,0.26351,not_ready,0.26075,1.09981,7360,243,432,837,1488
2026-04-22T00:02:02.415Z,31.479,0.31987,not_ready,0.24735,1.22105,7345,243,432,837,1488
2026-04-22T00:02:02.448Z,31.511,0.37380,not_ready,0.23187,1.29735,7310,243,432,837,1488
2026-04-22T00:02:02.482Z,31.545,0.40463,not_ready,0.21893,1.32159,7276,243,432,837,1488
2026-04-22T00:02:02.516Z,31.579,0.38039,not_ready,0.21520,1.25462,6932,243,432,837,1488
2026-04-22T00:02:02.549Z,31.612,0.35582,not_ready,0.20507,1.20248,6485,243,432,837,1488
2026-04-22T00:02:02.583Z,31.646,0.33665,not_ready,0.18530,1.15077,5979,243,432,837,1488
2026-04-22T00:02:02.613Z,31.676,0.34119,not_ready,0.16701,1.14379,5584,243,432,837,1488
2026-04-22T00:02:02.648Z,31.711,0.31507,not_ready,0.14986,1.08172,5717,243,432,837,1488
2026-04-22T00:02:02.681Z,31.744,0.31603,not_ready,0.14062,1.07653,6249,243,432,837,1488
2026-04-22T00:02:02.715Z,31.778,0.33167,not_ready,0.14901,1.11205,6391,243,432,837,1488
2026-04-22T00:02:02.748Z,31.812,0.32349,not_ready,0.18575,1.12656,6486,243,432,837,1488
2026-04-22T00:02:02.779Z,31.842,0.31297,not_ready,0.23286,1.14602,6779,243,432,837,1488
2026-04-22T00:02:02.818Z,31.881,0.29192,not_ready,0.28207,1.14794,6849,243,432,837,1488
2026-04-22T00:02:02.853Z,31.916,0.26686,not_ready,0.32934,1.14112,6887,243,432,837,1488
2026-04-22T00:02:02.886Z,31.949,0.23518,not_ready,0.37591,1.12156,6971,243,432,837,1488
2026-04-22T00:02:02.920Z,31.983,0.20395,not_ready,0.41647,1.09793,7058,243,432,837,1488
2026-04-22T00:02:02.953Z,32.016,0.18043,not_ready,0.45298,1.08476,7150,243,432,837,1488
2026-04-22T00:02:02.986Z,32.049,0.15268,not_ready,0.48689,1.06134,7156,243,432,837,1488
2026-04-22T00:02:03.020Z,32.083,0.14078,not_ready,0.51176,1.06002,7196,243,432,837,1488
2026-04-22T00:02:03.049Z,32.112,0.13129,not_ready,0.52073,1.05036,7266,243,432,837,1488
2026-04-22T00:02:03.076Z,32.140,0.12575,not_ready,0.51688,1.03740,7280,243,432,837,1488
2026-04-22T00:02:03.118Z,32.181,0.13490,not_ready,0.51104,1.04961,7315,243,432,837,1488
2026-04-22T00:02:03.151Z,32.214,0.13700,not_ready,0.50691,1.05017,7282,243,432,837,1488
2026-04-22T00:02:03.186Z,32.249,0.14694,not_ready,0.50070,1.06320,7278,243,432,837,1488
2026-04-22T00:02:03.220Z,32.283,0.15416,not_ready,0.49689,1.07319,7220,243,432,837,1488
2026-04-22T00:02:03.253Z,32.316,0.16232,not_ready,0.49053,1.08283,7207,243,432,837,1488
2026-04-22T00:02:03.286Z,32.349,0.17372,not_ready,0.48282,1.09726,7220,243,432,837,1488
2026-04-22T00:02:03.318Z,32.381,0.18993,not_ready,0.47496,1.12038,7204,243,432,837,1488
2026-04-22T00:02:03.353Z,32.416,0.20465,not_ready,0.46188,1.13669,7158,243,432,837,1488
2026-04-22T00:02:03.381Z,32.444,0.23184,not_ready,0.43210,1.16213,7111,243,432,837,1488
2026-04-22T00:02:03.416Z,32.479,0.25207,not_ready,0.39113,1.16560,7079,243,432,837,1488
2026-04-22T00:02:03.450Z,32.513,0.27725,not_ready,0.35626,1.18288,6835,243,432,837,1488
2026-04-22T00:02:03.484Z,32.547,0.30736,not_ready,0.32358,1.21116,6541,243,432,837,1488
2026-04-22T00:02:03.515Z,32.579,0.33602,not_ready,0.28766,1.23342,6401,243,432,837,1488
2026-04-22T00:02:03.550Z,32.614,0.38169,not_ready,0.24886,1.28563,6370,243,432,837,1488
2026-04-22T00:02:03.584Z,32.648,0.41595,not_ready,0.20899,1.31521,6371,243,432,837,1488
2026-04-22T00:02:03.616Z,32.679,0.44944,not_ready,0.16963,1.34426,6244,243,432,837,1488
2026-04-22T00:02:03.644Z,32.707,0.48887,not_ready,0.12916,1.38283,6222,243,432,837,1488
2026-04-22T00:02:03.685Z,32.749,0.50257,not_ready,0.10772,1.39010,6291,243,432,837,1488
2026-04-22T00:02:03.721Z,32.784,0.49405,not_ready,0.10629,1.37295,6497,243,432,837,1488
2026-04-22T00:02:03.753Z,32.816,0.48354,not_ready,0.11261,1.35858,6650,243,432,837,1488
2026-04-22T00:02:03.788Z,32.852,0.46042,not_ready,0.12013,1.32298,6702,243,432,837,1488
2026-04-22T00:02:03.820Z,32.883,0.44248,not_ready,0.13033,1.29825,6843,243,432,837,1488
2026-04-22T00:02:03.855Z,32.918,0.40875,not_ready,0.14048,1.24461,6948,243,432,837,1488
2026-04-22T00:02:03.886Z,32.949,0.38404,not_ready,0.15051,1.20776,7055,243,432,837,1488
2026-04-22T00:02:03.921Z,32.984,0.36618,not_ready,0.15914,1.18236,7155,243,432,837,1488
2026-04-22T00:02:03.955Z,33.018,0.35330,not_ready,0.16640,1.16488,7357,243,432,837,1488
2026-04-22T00:02:03.988Z,33.051,0.35165,not_ready,0.17206,1.16650,7528,243,432,837,1488
2026-04-22T00:02:04.022Z,33.085,0.34921,not_ready,0.17692,1.16604,7611,243,432,837,1488
2026-04-22T00:02:04.054Z,33.117,0.34359,not_ready,0.18104,1.15919,7662,243,432,837,1488
2026-04-22T00:02:04.086Z,33.149,0.34264,not_ready,0.18454,1.16033,7692,243,432,837,1488
2026-04-22T00:02:04.134Z,33.197,0.34082,not_ready,0.18506,1.15745,7723,243,432,837,1488
2026-04-22T00:02:04.150Z,33.213,0.34577,not_ready,0.18471,1.16616,7726,243,432,837,1488
2026-04-22T00:02:04.188Z,33.251,0.34455,not_ready,0.18637,1.16531,7748,243,432,837,1488
2026-04-22T00:02:04.221Z,33.284,0.34003,not_ready,0.19131,1.16112,7764,243,432,837,1488
2026-04-22T00:02:04.253Z,33.316,0.34099,not_ready,0.19598,1.16669,7773,243,432,837,1488
2026-04-22T00:02:04.288Z,33.351,0.34012,not_ready,0.20389,1.17158,7777,243,432,837,1488
2026-04-22T00:02:04.317Z,33.380,0.33525,not_ready,0.21396,1.17097,7784,243,432,837,1488
2026-04-22T00:02:04.350Z,33.413,0.33836,not_ready,0.22467,1.18538,7785,243,432,837,1488
2026-04-22T00:02:04.388Z,33.451,0.33492,not_ready,0.23625,1.18858,7781,243,432,837,1488
2026-04-22T00:02:04.421Z,33.484,0.33840,not_ready,0.24899,1.20536,7787,243,432,837,1488
2026-04-22T00:02:04.454Z,33.517,0.33566,not_ready,0.26292,1.21176,7787,243,432,837,1488
2026-04-22T00:02:04.485Z,33.548,0.34366,not_ready,0.27610,1.23708,7788,243,432,837,1488
2026-04-22T00:02:04.522Z,33.585,0.34536,not_ready,0.28776,1.24971,7787,243,432,837,1488
2026-04-22T00:02:04.554Z,33.617,0.34375,not_ready,0.30146,1.25800,7788,243,432,837,1488
2026-04-22T00:02:04.586Z,33.649,0.34998,not_ready,0.31743,1.28239,7788,243,432,837,1488
2026-04-22T00:02:04.619Z,33.682,0.35002,not_ready,0.33333,1.29546,7788,243,432,837,1488
2026-04-22T00:02:04.655Z,33.718,0.35923,not_ready,0.35034,1.32613,7788,243,432,837,1488
2026-04-22T00:02:04.687Z,33.750,0.35862,not_ready,0.36703,1.33867,7788,243,432,837,1488
2026-04-22T00:02:04.720Z,33.783,0.36732,not_ready,0.37883,1.36414,7788,243,432,837,1488
2026-04-22T00:02:04.754Z,33.817,0.36845,not_ready,0.39261,1.37747,7788,243,432,837,1488
2026-04-22T00:02:04.787Z,33.850,0.37411,not_ready,0.40387,1.39700,7788,243,432,837,1488
2026-04-22T00:02:04.823Z,33.886,0.37062,not_ready,0.41450,1.39934,7788,243,432,837,1488
2026-04-22T00:02:04.854Z,33.918,0.36894,not_ready,0.41958,1.40043,7788,243,432,837,1488
2026-04-22T00:02:04.887Z,33.950,0.36268,not_ready,0.42002,1.38945,7788,243,432,837,1488
2026-04-22T00:02:04.919Z,33.982,0.37088,not_ready,0.41662,1.40208,7788,243,432,837,1488
2026-04-22T00:02:04.953Z,34.017,0.38229,not_ready,0.40586,1.41568,7788,243,432,837,1488
2026-04-22T00:02:04.987Z,34.050,0.40502,not_ready,0.39213,1.44843,7788,243,432,837,1488
2026-04-22T00:02:05.019Z,34.082,0.41931,not_ready,0.37737,1.46553,7788,243,432,837,1488
2026-04-22T00:02:05.052Z,34.115,0.44131,not_ready,0.36188,1.49759,7788,243,432,837,1488
2026-04-22T00:02:05.084Z,34.147,0.45969,not_ready,0.35057,1.52802,7788,243,432,837,1488
2026-04-22T00:02:05.121Z,34.185,0.47840,not_ready,0.33931,1.56069,7788,243,432,837,1488
2026-04-22T00:02:05.154Z,34.217,0.49196,not_ready,0.33105,1.58858,7788,243,432,837,1488
2026-04-22T00:02:05.188Z,34.251,0.50259,not_ready,0.32580,1.60893,7788,243,432,837,1488
2026-04-22T00:02:05.222Z,34.285,0.50908,not_ready,0.32293,1.62704,7788,243,432,837,1488
2026-04-22T00:02:05.255Z,34.318,0.50974,not_ready,0.31968,1.63252,7788,243,432,837,1488
2026-04-22T00:02:05.285Z,34.349,0.52092,not_ready,0.31369,1.66153,7788,243,432,837,1488
2026-04-22T00:02:05.321Z,34.385,0.53060,not_ready,0.30950,1.69108,7788,243,432,837,1488
2026-04-22T00:02:05.354Z,34.417,0.53586,not_ready,0.30557,1.70210,7788,243,432,837,1488
2026-04-22T00:02:05.387Z,34.450,0.54494,not_ready,0.29962,1.73114,7788,243,432,837,1488
2026-04-22T00:02:05.421Z,34.485,0.55563,not_ready,0.29479,1.76312,7788,243,432,837,1488
2026-04-22T00:02:05.453Z,34.516,0.56237,not_ready,0.29172,1.77479,7788,243,432,837,1488
2026-04-22T00:02:05.487Z,34.550,0.57383,close,0.28430,1.80856,7788,243,432,837,1488
2026-04-22T00:02:05.521Z,34.584,0.59310,close,0.27320,1.85413,7788,243,432,837,1488
2026-04-22T00:02:05.554Z,34.617,0.62148,close,0.25938,1.91024,7788,243,432,837,1488
2026-04-22T00:02:05.589Z,34.652,0.65160,close,0.24847,1.98663,7788,243,432,837,1488
2026-04-22T00:02:05.622Z,34.685,0.67095,close,0.24020,2.03276,7788,243,432,837,1488
2026-04-22T00:02:05.654Z,34.717,0.69354,close,0.23118,2.08702,7788,243,432,837,1488
2026-04-22T00:02:05.687Z,34.751,0.72044,close,0.22140,2.17411,7788,243,432,837,1488
2026-04-22T00:02:05.720Z,34.784,0.73259,close,0.21675,2.18398,7788,243,432,837,1488
2026-04-22T00:02:05.755Z,34.818,0.72910,close,0.21933,2.16044,7788,243,432,837,1488
2026-04-22T00:02:05.787Z,34.850,0.72225,ready,0.22068,2.14736,7788,243,432,837,1488
2026-04-22T00:02:05.817Z,34.880,0.73127,ready,0.21935,2.15578,7788,243,432,837,1488
2026-04-22T00:02:07.023Z,36.087,0.70927,ready,0.23648,1.99609,7788,243,432,837,1488
2026-04-22T00:02:07.052Z,36.115,0.70629,ready,0.23302,1.98825,7788,243,432,837,1488
2026-04-22T00:02:07.094Z,36.157,0.69976,ready,0.22970,1.96983,7788,243,432,837,1488
2026-04-22T00:02:07.112Z,36.175,0.69651,ready,0.22887,1.96768,7788,243,432,837,1488
2026-04-22T00:02:07.142Z,36.205,0.69808,ready,0.22949,1.96586,7788,243,432,837,1488
2026-04-22T00:02:09.241Z,38.304,0.53657,not_ready,0.39518,1.68628,7788,243,432,837,1488
2026-04-22T00:02:09.252Z,38.315,0.50373,not_ready,0.40883,1.63561,7788,243,432,837,1488
2026-04-22T00:02:09.286Z,38.349,0.49733,not_ready,0.40704,1.62280,7788,243,432,837,1488
2026-04-22T00:02:09.319Z,38.382,0.49963,not_ready,0.40117,1.62343,7788,243,432,837,1488
2026-04-22T00:02:10.107Z,39.170,0.41764,not_ready,0.40125,1.47245,7788,243,432,837,1488
2026-04-22T00:02:10.125Z,39.188,0.40853,not_ready,0.40365,1.45625,7788,243,432,837,1488
2026-04-22T00:02:10.805Z,39.869,0.34585,not_ready,0.35911,1.30595,7788,243,432,837,1488
2026-04-22T00:02:11.423Z,40.486,0.33137,not_ready,0.43484,1.34594,7788,243,432,837,1488
2026-04-22T00:02:11.454Z,40.517,0.34192,not_ready,0.43140,1.36393,7788,243,432,837,1488
2026-04-22T00:02:12.055Z,41.119,0.36356,not_ready,0.42152,1.41158,7788,243,432,837,1488
2026-04-22T00:02:12.087Z,41.151,0.36429,not_ready,0.42356,1.41693,7788,243,432,837,1488
2026-04-22T00:02:12.119Z,41.182,0.36097,not_ready,0.42536,1.41434,7788,243,432,837,1488
2026-04-22T00:02:12.147Z,41.210,0.36112,not_ready,0.42068,1.41195,7788,243,432,837,1488
2026-04-22T00:02:12.177Z,41.240,0.35872,not_ready,0.42016,1.40556,7788,243,432,837,1488
2026-04-22T00:02:12.214Z,41.277,0.35759,not_ready,0.41746,1.39891,7788,243,432,837,1488
2026-04-22T00:02:12.245Z,41.308,0.36005,not_ready,0.41013,1.40014,7788,243,432,837,1488
2026-04-22T00:02:12.279Z,41.342,0.36153,not_ready,0.40783,1.39585,7788,243,432,837,1488
2026-04-22T00:02:12.313Z,41.376,0.36132,not_ready,0.40948,1.39293,7788,243,432,837,1488
2026-04-22T00:02:12.347Z,41.410,0.36091,not_ready,0.40848,1.39086,7788,243,432,837,1488
2026-04-22T00:02:12.380Z,41.443,0.36313,not_ready,0.40327,1.39034,7788,243,432,837,1488
2026-04-22T00:02:12.411Z,41.474,0.36385,not_ready,0.40483,1.38759,7788,243,432,837,1488
2026-04-22T00:02:12.446Z,41.509,0.36492,not_ready,0.40194,1.38320,7788,243,432,837,1488
2026-04-22T00:02:12.479Z,41.542,0.36377,not_ready,0.40111,1.37695,7788,243,432,837,1488
2026-04-22T00:02:12.510Z,41.574,0.36414,not_ready,0.40259,1.37839,7788,243,432,837,1488
2026-04-22T00:02:12.544Z,41.608,0.36619,not_ready,0.40178,1.38138,7788,243,432,837,1488
2026-04-22T00:02:12.579Z,41.642,0.36598,not_ready,0.40565,1.38308,7788,243,432,837,1488
2026-04-22T00:02:12.611Z,41.674,0.36510,not_ready,0.40991,1.38519,7788,243,432,837,1488
2026-04-22T00:02:12.646Z,41.709,0.36577,not_ready,0.41253,1.38849,7788,243,432,837,1488
2026-04-22T00:02:12.679Z,41.742,0.37035,not_ready,0.41276,1.39731,7788,243,432,837,1488
2026-04-22T00:02:12.712Z,41.775,0.37656,not_ready,0.41362,1.40888,7788,243,432,837,1488
2026-04-22T00:02:12.750Z,41.813,0.38702,not_ready,0.42114,1.43409,7788,243,432,837,1488
2026-04-22T00:02:12.784Z,41.847,0.39854,not_ready,0.42531,1.45885,7788,243,432,837,1488
2026-04-22T00:02:12.823Z,41.886,0.39872,not_ready,0.42758,1.46097,7788,243,432,837,1488
2026-04-22T00:02:12.856Z,41.919,0.40036,not_ready,0.42504,1.46188,7788,243,432,837,1488
2026-04-22T00:02:12.889Z,41.952,0.41293,not_ready,0.42530,1.48552,7788,243,432,837,1488
2026-04-22T00:02:12.924Z,41.987,0.42265,not_ready,0.42187,1.50043,7788,243,432,837,1488
2026-04-22T00:02:12.957Z,42.020,0.42568,not_ready,0.42094,1.50524,7788,243,432,837,1488
2026-04-22T00:02:12.991Z,42.054,0.43131,not_ready,0.41761,1.51288,7788,243,432,837,1488
2026-04-22T00:02:13.024Z,42.087,0.43922,not_ready,0.41768,1.52716,7788,243,432,837,1488
2026-04-22T00:02:13.059Z,42.122,0.44412,not_ready,0.41584,1.53471,7788,243,432,837,1488
2026-04-22T00:02:13.092Z,42.155,0.44476,not_ready,0.41442,1.53439,7788,243,432,837,1488
2026-04-22T00:02:13.139Z,42.202,0.44998,not_ready,0.41116,1.54245,7788,243,432,837,1488
2026-04-22T00:02:13.155Z,42.218,0.45544,not_ready,0.41140,1.55277,7788,243,432,837,1488
2026-04-22T00:02:13.183Z,42.246,0.45505,not_ready,0.41382,1.55240,7788,243,432,837,1488
2026-04-22T00:02:13.224Z,42.287,0.45454,not_ready,0.40906,1.54759,7788,243,432,837,1488
2026-04-22T00:02:13.254Z,42.317,0.45477,not_ready,0.40873,1.54773,7788,243,432,837,1488
2026-04-22T00:02:13.290Z,42.353,0.45405,not_ready,0.41160,1.54859,7788,243,432,837,1488
2026-04-22T00:02:13.324Z,42.387,0.45253,not_ready,0.40663,1.54176,7788,243,432,837,1488
2026-04-22T00:02:13.357Z,42.420,0.46152,not_ready,0.40538,1.55726,7788,243,432,837,1488
2026-04-22T00:02:13.390Z,42.454,0.48101,not_ready,0.40985,1.59636,7788,243,432,837,1488
2026-04-22T00:02:13.425Z,42.489,0.51359,not_ready,0.41407,1.65900,7788,243,432,837,1488
2026-04-22T00:02:13.458Z,42.521,0.52386,not_ready,0.41503,1.67801,7788,243,432,837,1488
2026-04-22T00:02:13.490Z,42.553,0.52334,not_ready,0.41445,1.67600,7788,243,432,837,1488
2026-04-22T00:02:13.525Z,42.588,0.52271,not_ready,0.40846,1.67055,7788,243,432,837,1488
2026-04-22T00:02:13.560Z,42.624,0.52429,not_ready,0.40890,1.67553,7788,243,432,837,1488
2026-04-22T00:02:13.591Z,42.654,0.52545,not_ready,0.41086,1.67680,7788,243,432,837,1488
2026-04-22T00:02:13.624Z,42.687,0.52562,not_ready,0.40839,1.67642,7788,243,432,837,1488
2026-04-22T00:02:13.656Z,42.719,0.53158,not_ready,0.41635,1.69227,7788,243,432,837,1488
2026-04-22T00:02:13.692Z,42.755,0.54238,not_ready,0.41845,1.71380,7788,243,432,837,1488
2026-04-22T00:02:13.724Z,42.787,0.54999,not_ready,0.41597,1.72877,7788,243,432,837,1488
2026-04-22T00:02:13.759Z,42.822,0.55780,not_ready,0.41804,1.74229,7788,243,432,837,1488
2026-04-22T00:02:13.792Z,42.855,0.57118,close,0.42167,1.76921,7788,243,432,837,1488
2026-04-22T00:02:13.824Z,42.888,0.58816,close,0.42266,1.80172,7788,243,432,837,1488
2026-04-22T00:02:13.858Z,42.921,0.60196,close,0.42119,1.82841,7788,243,432,837,1488
2026-04-22T00:02:13.893Z,42.956,0.61656,close,0.42099,1.85466,7788,243,432,837,1488
2026-04-22T00:02:13.926Z,42.989,0.63106,close,0.42143,1.88168,7788,243,432,837,1488
2026-04-22T00:02:13.959Z,43.022,0.64280,close,0.41989,1.90433,7788,243,432,837,1488
2026-04-22T00:02:13.993Z,43.056,0.64715,close,0.41667,1.91688,7788,243,432,837,1488
2026-04-22T00:02:14.026Z,43.089,0.65544,close,0.41628,1.92656,7788,243,432,837,1488
2026-04-22T00:02:14.059Z,43.122,0.66832,close,0.42160,1.95204,7788,243,432,837,1488
2026-04-22T00:02:14.095Z,43.159,0.68096,close,0.42557,1.98056,7788,243,432,837,1488
2026-04-22T00:02:14.128Z,43.191,0.68625,close,0.42341,1.99545,7788,243,432,837,1488
2026-04-22T00:02:14.168Z,43.231,0.69340,ready,0.41990,2.00695,7788,243,432,837,1488
2026-04-22T00:02:14.188Z,43.251,0.69678,ready,0.41558,2.02127,7788,243,432,837,1488
2026-04-22T00:02:14.221Z,43.284,0.70814,ready,0.41756,2.04096,7788,243,432,837,1488
2026-04-22T00:02:14.256Z,43.319,0.72023,ready,0.41715,2.06724,7788,243,432,837,1488
2026-04-22T00:02:14.292Z,43.355,0.73159,ready,0.41615,2.09351,7788,243,432,837,1488
2026-04-22T00:02:14.326Z,43.389,0.73388,ready,0.41123,2.11972,7788,243,432,837,1488
2026-04-22T00:02:14.359Z,43.422,0.74057,ready,0.40902,2.14510,7788,243,432,837,1488
2026-04-22T00:02:14.393Z,43.456,0.74876,ready,0.40641,2.16410,7788,243,432,837,1488
2026-04-22T00:02:14.427Z,43.490,0.75603,ready,0.40446,2.18098,7788,243,432,837,1488
2026-04-22T00:02:14.460Z,43.523,0.76682,ready,0.40373,2.19501,7788,243,432,837,1488
2026-04-22T00:02:14.496Z,43.559,0.77176,ready,0.40047,2.22785,7788,243,432,837,1488
2026-04-22T00:02:14.525Z,43.588,0.77906,ready,0.40039,2.23140,7788,243,432,837,1488
2026-04-22T00:02:14.560Z,43.623,0.78498,ready,0.39887,2.24589,7788,243,432,837,1488
2026-04-22T00:02:14.593Z,43.656,0.78709,ready,0.39843,2.25492,7788,243,432,837,1488
2026-04-22T00:02:14.627Z,43.690,0.78983,ready,0.39773,2.26125,7788,243,432,837,1488
2026-04-22T00:02:14.661Z,43.724,0.78848,ready,0.39590,2.26092,7788,243,432,837,1488
2026-04-22T00:02:14.693Z,43.756,0.78610,ready,0.39067,2.27259,7788,243,432,837,1488
2026-04-22T00:02:14.726Z,43.789,0.78564,ready,0.38907,2.28691,7788,243,432,837,1488
2026-04-22T00:02:14.757Z,43.821,0.79263,ready,0.38787,2.28804,7788,243,432,837,1488
2026-04-22T00:02:14.792Z,43.856,0.79345,ready,0.38589,2.29544,7788,243,432,837,1488
2026-04-22T00:02:14.826Z,43.889,0.79185,ready,0.38355,2.30982,7788,243,432,837,1488
2026-04-22T00:02:14.859Z,43.922,0.79782,ready,0.38168,2.32285,7788,243,432,837,1488
2026-04-22T00:02:14.894Z,43.957,0.80110,ready,0.37946,2.32995,7788,243,432,837,1488
2026-04-22T00:02:14.927Z,43.990,0.80010,ready,0.37750,2.34890,7788,243,432,837,1488
2026-04-22T00:02:14.959Z,44.022,0.80516,ready,0.38088,2.32921,7788,243,432,837,1488
2026-04-22T00:02:14.995Z,44.058,0.81292,ready,0.38097,2.36140,7788,243,432,837,1488
2026-04-22T00:02:15.028Z,44.091,0.81206,ready,0.37966,2.38755,7788,243,432,837,1488
2026-04-22T00:02:15.057Z,44.120,0.81224,ready,0.37819,2.41483,7788,243,432,837,1488
2026-04-22T00:02:15.090Z,44.153,0.81205,ready,0.38314,2.40766,7788,243,432,837,1488
2026-04-22T00:02:15.127Z,44.190,0.80887,ready,0.38503,2.41165,7788,243,432,837,1488
2026-04-22T00:02:15.161Z,44.224,0.80417,ready,0.38755,2.40822,7788,243,432,837,1488
2026-04-22T00:02:15.195Z,44.258,0.80238,ready,0.39306,2.39423,7788,243,432,837,1488
2026-04-22T00:02:15.228Z,44.291,0.79963,ready,0.39518,2.39690,7788,243,432,837,1488
2026-04-22T00:02:15.260Z,44.324,0.79525,ready,0.39553,2.40131,7788,243,432,837,1488
2026-04-22T00:02:15.293Z,44.356,0.78731,ready,0.39647,2.37086,7788,243,432,837,1488
2026-04-22T00:02:15.328Z,44.392,0.78914,ready,0.39920,2.36869,7788,243,432,837,1488
2026-04-22T00:02:15.361Z,44.425,0.79041,ready,0.39994,2.37673,7788,243,432,837,1488
2026-04-22T00:02:15.394Z,44.457,0.79380,ready,0.39910,2.39990,7788,243,432,837,1488
2026-04-22T00:02:15.428Z,44.491,0.79811,ready,0.39745,2.42160,7788,243,432,837,1488
2026-04-22T00:02:15.460Z,44.523,0.80194,ready,0.39610,2.43469,7788,243,432,837,1488
2026-04-22T00:02:15.492Z,44.555,0.79099,ready,0.39439,2.41787,7788,243,432,837,1488
2026-04-22T00:02:15.528Z,44.591,0.79104,ready,0.39772,2.39168,7788,243,432,837,1488
2026-04-22T00:02:15.560Z,44.623,0.78947,ready,0.40071,2.37923,7788,243,432,837,1488
2026-04-22T00:02:15.593Z,44.657,0.77753,ready,0.39953,2.35598,7788,243,432,837,1488
2026-04-22T00:02:15.628Z,44.692,0.78173,ready,0.39850,2.36281,7788,243,432,837,1488
2026-04-22T00:02:15.661Z,44.724,0.78010,ready,0.39706,2.36842,7788,243,432,837,1488
2026-04-22T00:02:15.694Z,44.757,0.76988,ready,0.40197,2.30151,7788,243,432,837,1488
2026-04-22T00:02:15.727Z,44.790,0.76058,ready,0.40401,2.29452,7788,243,432,837,1488
2026-04-22T00:02:15.760Z,44.823,0.75637,ready,0.40328,2.30447,7788,243,432,837,1488
2026-04-22T00:02:15.796Z,44.859,0.75285,ready,0.40729,2.27169,7788,243,432,837,1488
2026-04-22T00:02:15.828Z,44.891,0.74195,ready,0.40577,2.24538,7788,243,432,837,1488
2026-04-22T00:02:15.862Z,44.925,0.74277,ready,0.40875,2.22510,7788,243,432,837,1488
2026-04-22T00:02:15.895Z,44.958,0.73893,ready,0.40787,2.22551,7788,243,432,837,1488
2026-04-22T00:02:15.928Z,44.991,0.73412,ready,0.40876,2.21719,7788,243,432,837,1488
2026-04-22T00:02:15.963Z,45.026,0.72932,ready,0.40966,2.20875,7788,243,432,837,1488
2026-04-22T00:02:15.996Z,45.060,0.72597,ready,0.41288,2.17451,7788,243,432,837,1488
2026-04-22T00:02:16.030Z,45.093,0.71737,ready,0.41526,2.13568,7788,243,432,837,1488
2026-04-22T00:02:16.060Z,45.123,0.71304,ready,0.41559,2.12997,7788,243,432,837,1488
2026-04-22T00:02:16.092Z,45.155,0.70739,ready,0.41507,2.12535,7788,243,432,837,1488
2026-04-22T00:02:16.129Z,45.193,0.71050,ready,0.41610,2.11162,7788,243,432,837,1488
2026-04-22T00:02:16.162Z,45.225,0.71116,ready,0.41541,2.11269,7788,243,432,837,1488
2026-04-22T00:02:16.196Z,45.259,0.70641,ready,0.41298,2.12001,7788,243,432,837,1488
2026-04-22T00:02:16.230Z,45.293,0.69457,ready,0.41520,2.06826,7788,243,432,837,1488
2026-04-22T00:02:16.263Z,45.326,0.68753,ready,0.41625,2.05356,7788,243,432,837,1488
2026-04-22T00:02:16.297Z,45.361,0.68149,ready,0.41604,2.04129,7788,243,432,837,1488
2026-04-22T00:02:16.330Z,45.393,0.67618,ready,0.41673,2.02631,7788,243,432,837,1488
2026-04-22T00:02:16.363Z,45.426,0.67356,ready,0.41830,2.01215,7788,243,432,837,1488
2026-04-22T00:02:16.394Z,45.457,0.66152,ready,0.41561,1.99062,7788,243,432,837,1488
2026-04-22T00:02:16.430Z,45.493,0.65988,ready,0.41880,1.97202,7788,243,432,837,1488
2026-04-22T00:02:16.465Z,45.528,0.66210,ready,0.41957,1.96511,7788,243,432,837,1488
2026-04-22T00:02:16.496Z,45.559,0.66207,ready,0.41823,1.96280,7788,243,432,837,1488
2026-04-22T00:02:16.531Z,45.594,0.64925,ready,0.41475,1.93983,7788,243,432,837,1488
2026-04-22T00:02:16.565Z,45.628,0.64461,ready,0.41754,1.93495,7788,243,432,837,1488
2026-04-22T00:02:16.597Z,45.661,0.64474,ready,0.41776,1.93631,7788,243,432,837,1488
2026-04-22T00:02:16.631Z,45.695,0.63605,ready,0.41801,1.90790,7788,243,432,837,1488
2026-04-22T00:02:16.665Z,45.728,0.63524,ready,0.42010,1.90615,7788,243,432,837,1488
2026-04-22T00:02:16.696Z,45.759,0.62376,ready,0.41896,1.88232,7788,243,432,837,1488
2026-04-22T00:02:16.732Z,45.795,0.61352,close,0.41977,1.86183,7788,243,432,837,1488
2026-04-22T00:02:16.763Z,45.826,0.60231,close,0.42322,1.83941,7788,243,432,837,1488
2026-04-22T00:02:16.800Z,45.863,0.60171,close,0.42327,1.84199,7788,243,432,837,1488
2026-04-22T00:02:16.831Z,45.894,0.59381,close,0.42493,1.82916,7788,243,432,837,1488
2026-04-22T00:02:16.866Z,45.929,0.59489,close,0.42495,1.83445,7788,243,432,837,1488
2026-04-22T00:02:16.899Z,45.962,0.59388,close,0.42916,1.83068,7788,243,432,837,1488
2026-04-22T00:02:16.932Z,45.996,0.58317,close,0.42824,1.80940,7788,243,432,837,1488
2026-04-22T00:02:16.966Z,46.029,0.58519,close,0.42775,1.82184,7788,243,432,837,1488
2026-04-22T00:02:17.000Z,46.063,0.58719,close,0.42808,1.83468,7788,243,432,837,1488
2026-04-22T00:02:17.030Z,46.094,0.58556,close,0.43051,1.82659,7788,243,432,837,1488
2026-04-22T00:02:17.062Z,46.125,0.57605,close,0.43025,1.80360,7788,243,432,837,1488
2026-04-22T00:02:17.093Z,46.156,0.57916,close,0.43078,1.80988,7788,243,432,837,1488
2026-04-22T00:02:17.132Z,46.195,0.58122,close,0.42869,1.81703,7788,243,432,837,1488
2026-04-22T00:02:17.163Z,46.226,0.58273,close,0.42900,1.82390,7788,243,432,837,1488
2026-04-22T00:02:17.196Z,46.259,0.58666,close,0.42811,1.83235,7788,243,432,837,1488
2026-04-22T00:02:17.232Z,46.295,0.59111,close,0.42747,1.84153,7788,243,432,837,1488
2026-04-22T00:02:17.265Z,46.328,0.59352,close,0.42780,1.84395,7788,243,432,837,1488
2026-04-22T00:02:17.299Z,46.362,0.59778,close,0.42784,1.85107,7788,243,432,837,1488
2026-04-22T00:02:17.334Z,46.397,0.60487,close,0.42885,1.86319,7788,243,432,837,1488
2026-04-22T00:02:17.366Z,46.430,0.61431,close,0.42716,1.88011,7788,243,432,837,1488
2026-04-22T00:02:17.398Z,46.461,0.62114,close,0.42381,1.89513,7788,243,432,837,1488
2026-04-22T00:02:17.431Z,46.494,0.62752,close,0.42061,1.91570,7788,243,432,837,1488
2026-04-22T00:02:17.465Z,46.529,0.63657,close,0.41867,1.92804,7788,243,432,837,1488
2026-04-22T00:02:17.497Z,46.561,0.64740,close,0.41472,1.94499,7788,243,432,837,1488
2026-04-22T00:02:17.534Z,46.597,0.65336,close,0.41043,1.96211,7788,243,432,837,1488
2026-04-22T00:02:17.566Z,46.630,0.65607,close,0.40826,1.97951,7788,243,432,837,1488
2026-04-22T00:02:17.599Z,46.662,0.66128,close,0.40672,1.99133,7788,243,432,837,1488
2026-04-22T00:02:17.633Z,46.697,0.66474,ready,0.40619,1.99672,7788,243,432,837,1488
2026-04-22T00:02:17.666Z,46.730,0.66979,ready,0.40557,1.99521,7788,243,432,837,1488
2026-04-22T00:02:17.699Z,46.762,0.67586,ready,0.40375,1.99945,7788,243,432,837,1488
2026-04-22T00:02:17.733Z,46.796,0.68322,ready,0.39987,2.01307,7788,243,432,837,1488
2026-04-22T00:02:17.763Z,46.826,0.68764,ready,0.39696,2.02564,7788,243,432,837,1488
2026-04-22T00:02:17.800Z,46.863,0.68951,ready,0.39461,2.04464,7788,243,432,837,1488
2026-04-22T00:02:17.833Z,46.897,0.69088,ready,0.39493,2.04404,7788,243,432,837,1488
2026-04-22T00:02:17.865Z,46.928,0.69484,ready,0.39320,2.05564,7788,243,432,837,1488
2026-04-22T00:02:17.900Z,46.963,0.69563,ready,0.39212,2.07122,7788,243,432,837,1488
2026-04-22T00:02:17.935Z,46.998,0.70679,ready,0.39153,2.10666,7788,243,432,837,1488
2026-04-22T00:02:17.966Z,47.029,0.72010,ready,0.39270,2.11972,7788,243,432,837,1488
2026-04-22T00:02:18.001Z,47.064,0.72375,ready,0.39021,2.12696,7788,243,432,837,1488
2026-04-22T00:02:18.035Z,47.098,0.73335,ready,0.38866,2.17630,7788,243,432,837,1488
2026-04-22T00:02:18.066Z,47.129,0.73146,ready,0.39001,2.16892,7788,243,432,837,1488
2026-04-22T00:02:18.103Z,47.166,0.73127,ready,0.38795,2.18154,7788,243,432,837,1488
2026-04-22T00:02:18.137Z,47.200,0.73316,ready,0.38613,2.18797,7788,243,432,837,1488
2026-04-22T00:02:18.167Z,47.230,0.74061,ready,0.38860,2.20297,7788,243,432,837,1488
2026-04-22T00:02:18.202Z,47.265,0.73803,ready,0.38930,2.19670,7788,243,432,837,1488
2026-04-22T00:02:18.236Z,47.299,0.73927,ready,0.38747,2.20444,7788,243,432,837,1488
2026-04-22T00:02:18.269Z,47.332,0.73946,ready,0.38674,2.20980,7788,243,432,837,1488
2026-04-22T00:02:18.302Z,47.365,0.73972,ready,0.38588,2.21753,7788,243,432,837,1488
2026-04-22T00:02:18.334Z,47.397,0.73975,ready,0.38719,2.20220,7788,243,432,837,1488
2026-04-22T00:02:18.367Z,47.430,0.74262,ready,0.38569,2.20277,7788,243,432,837,1488
2026-04-22T00:02:18.402Z,47.465,0.74339,ready,0.38414,2.20995,7788,243,432,837,1488
2026-04-22T00:02:18.434Z,47.497,0.74330,ready,0.38361,2.21679,7788,243,432,837,1488
2026-04-22T00:02:18.467Z,47.531,0.74359,ready,0.38353,2.21324,7788,243,432,837,1488
2026-04-22T00:02:18.500Z,47.563,0.74577,ready,0.38293,2.20938,7788,243,432,837,1488
2026-04-22T00:02:18.534Z,47.597,0.74473,ready,0.38271,2.20940,7788,243,432,837,1488
2026-04-22T00:02:18.568Z,47.631,0.74652,ready,0.38057,2.22287,7788,243,432,837,1488
2026-04-22T00:02:18.599Z,47.663,0.74744,ready,0.38161,2.20638,7788,243,432,837,1488
2026-04-22T00:02:18.634Z,47.697,0.74846,ready,0.38027,2.21675,7788,243,432,837,1488
2026-04-22T00:02:18.668Z,47.731,0.74914,ready,0.37903,2.22419,7788,243,432,837,1488
2026-04-22T00:02:18.701Z,47.764,0.74967,ready,0.37757,2.23151,7788,243,432,837,1488
2026-04-22T00:02:18.735Z,47.798,0.74859,ready,0.37906,2.21611,7788,243,432,837,1488
2026-04-22T00:02:18.768Z,47.832,0.74961,ready,0.37933,2.20577,7788,243,432,837,1488
2026-04-22T00:02:18.802Z,47.866,0.74857,ready,0.37976,2.20208,7788,243,432,837,1488
2026-04-22T00:02:18.836Z,47.899,0.74788,ready,0.37748,2.22694,7788,243,432,837,1488
2026-04-22T00:02:18.868Z,47.931,0.74827,ready,0.37729,2.22646,7788,243,432,837,1488
2026-04-22T00:02:18.901Z,47.965,0.75135,ready,0.37733,2.21086,7788,243,432,837,1488
2026-04-22T00:02:18.935Z,47.998,0.75157,ready,0.37722,2.20057,7788,243,432,837,1488
2026-04-22T00:02:18.969Z,48.032,0.74906,ready,0.37914,2.19353,7788,243,432,837,1488
2026-04-22T00:02:19.001Z,48.064,0.74525,ready,0.38139,2.17961,7788,243,432,837,1488
2026-04-22T00:02:19.038Z,48.101,0.74175,ready,0.38283,2.17935,7788,243,432,837,1488
2026-04-22T00:02:19.069Z,48.133,0.73992,ready,0.38442,2.17825,7788,243,432,837,1488
2026-04-22T00:02:19.103Z,48.166,0.73543,ready,0.38518,2.18226,7788,243,432,837,1488
2026-04-22T00:02:19.137Z,48.200,0.73283,ready,0.38514,2.19892,7788,243,432,837,1488
2026-04-22T00:02:19.168Z,48.231,0.73203,ready,0.38751,2.17311,7788,243,432,837,1488
2026-04-22T00:02:19.202Z,48.265,0.72747,ready,0.39029,2.16456,7788,243,432,837,1488
2026-04-22T00:02:19.237Z,48.300,0.72388,ready,0.39115,2.17416,7788,243,432,837,1488
2026-04-22T00:02:19.270Z,48.333,0.72199,ready,0.39249,2.16966,7788,243,432,837,1488
2026-04-22T00:02:19.301Z,48.364,0.71834,ready,0.39623,2.14577,7788,243,432,837,1488
2026-04-22T00:02:19.337Z,48.400,0.71726,ready,0.39757,2.13599,7788,243,432,837,1488
2026-04-22T00:02:19.369Z,48.432,0.71576,ready,0.39816,2.13361,7788,243,432,837,1488
2026-04-22T00:02:19.402Z,48.466,0.71669,ready,0.40003,2.12154,7788,243,432,837,1488
2026-04-22T00:02:19.437Z,48.500,0.71842,ready,0.40073,2.12300,7788,243,432,837,1488
2026-04-22T00:02:19.470Z,48.533,0.71975,ready,0.39885,2.12945,7788,243,432,837,1488
2026-04-22T00:02:19.503Z,48.566,0.71792,ready,0.39779,2.13999,7788,243,432,837,1488
2026-04-22T00:02:19.537Z,48.601,0.71581,ready,0.39804,2.14470,7788,243,432,837,1488
2026-04-22T00:02:19.569Z,48.633,0.71245,ready,0.40024,2.13014,7788,243,432,837,1488
2026-04-22T00:02:19.602Z,48.665,0.70911,ready,0.40080,2.12811,7788,243,432,837,1488
2026-04-22T00:02:19.635Z,48.699,0.70742,ready,0.40042,2.13306,7788,243,432,837,1488
2026-04-22T00:02:19.670Z,48.733,0.70722,ready,0.40289,2.11343,7788,243,432,837,1488
2026-04-22T00:02:19.705Z,48.768,0.70667,ready,0.40278,2.11028,7788,243,432,837,1488
2026-04-22T00:02:19.737Z,48.801,0.70756,ready,0.40199,2.11956,7788,243,432,837,1488
2026-04-22T00:02:19.770Z,48.833,0.70942,ready,0.39991,2.13072,7788,243,432,837,1488
2026-04-22T00:02:19.802Z,48.865,0.71500,ready,0.39783,2.12252,7788,243,432,837,1488
2026-04-22T00:02:19.838Z,48.901,0.71889,ready,0.39831,2.11929,7788,243,432,837,1488
2026-04-22T00:02:19.869Z,48.932,0.71895,ready,0.39645,2.12611,7788,243,432,837,1488
2026-04-22T00:02:19.903Z,48.966,0.71931,ready,0.39374,2.14918,7788,243,432,837,1488
2026-04-22T00:02:19.936Z,48.999,0.72030,ready,0.39599,2.13157,7788,243,432,837,1488
2026-04-22T00:02:19.972Z,49.035,0.72114,ready,0.39516,2.13733,7788,243,432,837,1488
2026-04-22T00:02:20.003Z,49.066,0.72126,ready,0.39288,2.15556,7788,243,432,837,1488
2026-04-22T00:02:20.038Z,49.101,0.72380,ready,0.39305,2.14893,7788,243,432,837,1488
2026-04-22T00:02:20.079Z,49.142,0.72068,ready,0.39341,2.15079,7788,243,432,837,1488
2026-04-22T00:02:20.104Z,49.167,0.72261,ready,0.39112,2.16468,7788,243,432,837,1488
2026-04-22T00:02:20.142Z,49.205,0.72334,ready,0.39148,2.16381,7788,243,432,837,1488
2026-04-22T00:02:20.173Z,49.236,0.72573,ready,0.39236,2.14551,7788,243,432,837,1488
2026-04-22T00:02:20.203Z,49.266,0.72905,ready,0.39109,2.14568,7788,243,432,837,1488
2026-04-22T00:02:20.235Z,49.298,0.73247,ready,0.38909,2.15289,7788,243,432,837,1488
2026-04-22T00:02:20.272Z,49.335,0.73288,ready,0.38804,2.15781,7788,243,432,837,1488
